Evidence_ID,Source_Title,Source_Organisation,Source_Type,Source_URL,Locator,Evidence_Strength,Evidence_Status,Geography,Publication_Date,Publication_Year,Metadata_Completeness_Status,Linked_Factor_Count,Version,Last_Reviewed,Source_Workbook
CEVID-0001,1.5% and 3.0%,energy.gov,PDF,https://www.energy.gov/sites/default/files/2024-10/mv_guide_5_0.pdf,"Section 5.2.2, printed p.43",,CURRENT,,,,INCOMPLETE,1,1.0,2026-08-18,Consolidate.xlsx
CEVID-0002,0.13096,gov.uk,WEB_PAGE,https://www.gov.uk/government/publications/greenhouse-gas-reporting-conversion-factors-2026,"2026 full-set workbook, “UK electricity”!E25",,CURRENT,,,,INCOMPLETE,1,1.0,2026-08-18,Consolidate.xlsx
CEVID-0003,9 and 12 months,energy.gov,PDF,https://www.energy.gov/sites/default/files/2024-10/mv_guide_5_0.pdf,"Section 4.4, printed p.25 (Option C)",,CURRENT,,,,INCOMPLETE,1,1.0,2026-08-18,Consolidate.xlsx
CEVID-0004,£13.1275m and £447.6676m = source raw values (millions) 16.322699 and 556.629944 converted at 1.2434 source-currency units per £1. Source figures,energy.gov,PDF,https://www.energy.gov/sites/default/files/2024-12/2023_savings-espcs.pdf,"Section 3.4, printed p.14",,CURRENT,,,,INCOMPLETE,1,1.0,2026-08-18,Consolidate.xlsx
CEVID-0005,conversion divisor 1.2434,bankofengland.co.uk,WEB_PAGE,https://www.bankofengland.co.uk/boeapps/database/fromshowcolumns.asp?SeriesCodes=XUAAUSS,2023 annual average,,CURRENT,,,,INCOMPLETE,1,1.0,2026-08-18,Consolidate.xlsx
CEVID-0006,Recommissioning cost and 985-project sample,eta-publications.lbl.gov,PDF,https://eta-publications.lbl.gov/sites/default/files/crowe_-_building_commissioning_costs_and_savings_.pdf,"Table 8, printed p.14",,CURRENT,,,,INCOMPLETE,2,1.0,2026-08-18,Consolidate.xlsx
CEVID-0007,GBP conversion divisor 1.2888,bankofengland.co.uk,WEB_PAGE,https://www.bankofengland.co.uk/boeapps/database/fromshowcolumns.asp?SeriesCodes=XUAAUSS,2017 annual average Chiller and AHU benchmarks:,,CURRENT,,,,INCOMPLETE,1,1.0,2026-08-18,Consolidate.xlsx
CEVID-0008,2017 annual average Chiller and AHU benchmarks,assets.publishing.service.gov.uk,PDF,https://assets.publishing.service.gov.uk/media/6006d75cd3bf7f0bf2e84d71/201209_Future_Buildings_Standard_consultation_IA.pdf,"Tables B.1 and B.3, printed pp.62–63 Packaged AHU estimate:",,CURRENT,,,,INCOMPLETE,1,1.0,2026-08-18,Consolidate.xlsx
CEVID-0009,"Tables B.1 and B.3, printed pp.62–63 Packaged AHU estimate",broxbourne.gov.uk,WEB_PAGE,https://www.broxbourne.gov.uk/downloads/file/4588/the-spotlight-decarbonisation-study-1-0,"Table 28, printed p.41",,CURRENT,,,,INCOMPLETE,1,1.0,2026-08-18,Consolidate.xlsx
CEVID-0010,printed p.10 Chiller SSEER 3.6 and 4.4 and AHU SFP 2.6 and 2.3 W/(l/s),assets.publishing.service.gov.uk,PDF,https://assets.publishing.service.gov.uk/media/6006d75cd3bf7f0bf2e84d71/201209_Future_Buildings_Standard_consultation_IA.pdf,"Table 5, printed p.28 and Table B.3, printed p.63 2026 factors 0.13096 kgCO2e/kWh electricity and 0.18231 kgCO2e/kWh natural gas:",,CURRENT,,,,INCOMPLETE,1,1.0,2026-08-18,Consolidate.xlsx
CEVID-0011,"Table 5, printed p.28 and Table B.3, printed p.63 2026 factors 0.13096 kgCO2e/kWh electricity and 0.18231 kgCO2e/kWh natural gas",gov.uk,WEB_PAGE,https://www.gov.uk/government/publications/greenhouse-gas-reporting-conversion-factors-2026,full-set workbook “UK electricity”!E25 and “Fuels”!D42,,CURRENT,,,,INCOMPLETE,1,1.0,2026-08-18,Consolidate.xlsx
CEVID-0012,Recommissioning payback and 656-project sample,eta-publications.lbl.gov,PDF,https://eta-publications.lbl.gov/sites/default/files/crowe_-_building_commissioning_costs_and_savings_.pdf,"Table 8, printed p.14 Chiller benchmark £10,000 incremental cost, £4,600/year saving, 400 kW and 2,000 operating hours/year:",,CURRENT,,,,INCOMPLETE,1,1.0,2026-08-18,Consolidate.xlsx
CEVID-0013,"Table 8, printed p.14 Chiller benchmark £10,000 incremental cost, £4,600/year saving, 400 kW and 2,000 operating hours/year",assets.publishing.service.gov.uk,PDF,https://assets.publishing.service.gov.uk/media/65dc4e4e964ca8001cc6e8b8/TIL_-_Industrial_Refrigeration_-_April_2020.pdf,printed p.12,,CURRENT,,,,INCOMPLETE,1,1.0,2026-08-18,Consolidate.xlsx
CEVID-0014,"£4,600 and 41,800 kWh/year also shown at",etl.energysecurity.gov.uk,WEB_PAGE,https://etl.energysecurity.gov.uk/products/refrigeration-equipment/industrial-refrigeration-equipment,,,CURRENT,,,,INCOMPLETE,1,1.0,2026-08-18,Consolidate.xlsx
CEVID-0015,Recommissioning 6.4% median,eta-publications.lbl.gov,PDF,https://eta-publications.lbl.gov/sites/default/files/crowe_-_building_commissioning_costs_and_savings_.pdf,"Table 8, printed p.14 Chiller SSEER 3.6 vs 4.4:",,CURRENT,,,,INCOMPLETE,1,1.0,2026-08-18,Consolidate.xlsx
CEVID-0016,"Table 8, printed p.14 Chiller SSEER 3.6 vs 4.4",assets.publishing.service.gov.uk,PDF,https://assets.publishing.service.gov.uk/media/6006d75cd3bf7f0bf2e84d71/201209_Future_Buildings_Standard_consultation_IA.pdf,"Table 5, printed p.28 AHU SFP 2.6 vs 2.3 W/(l/s): same source | Table B.3, printed p.63",,CURRENT,,,,INCOMPLETE,1,1.0,2026-08-18,Consolidate.xlsx
CEVID-0017,"HEINEKEN SmartDispense Terms and Conditions 2025, Schedule 1 fees and Schedule 2 equipment values",smartdispense.heineken.co.uk,PDF,https://smartdispense.heineken.co.uk/wp-content/uploads/2025/05/SmartDispenseTermsAndConditions-2025-1.pdf,,,CURRENT,,,,INCOMPLETE,1,1.0,2026-08-18,Consolidate.xlsx
CEVID-0018,"HEINEKEN Cellar Manager, £31/month",smartdispense.heineken.co.uk,WEB_PAGE,https://smartdispense.heineken.co.uk/technology/cellar-systems/cellar-manager/,,,CURRENT,,,,INCOMPLETE,3,1.0,2026-08-18,Consolidate.xlsx
CEVID-0019,"HEINEKEN Remote Manager, £16/month",smartdispense.heineken.co.uk,WEB_PAGE,https://smartdispense.heineken.co.uk/technology/cellar-systems/remote-manager/,,,CURRENT,,,,INCOMPLETE,3,1.0,2026-08-18,Consolidate.xlsx
CEVID-0020,"HEINEKEN SmartDispense overview, current savings and sales benchmarks",eazle.co.uk,WEB_PAGE,https://www.eazle.co.uk/huk/en/SmartDispense,,,CURRENT,,,,INCOMPLETE,1,1.0,2026-08-18,Consolidate.xlsx
CEVID-0021,"HEINEKEN Save with SmartDispense, cleaning cycles and water savings",smartdispense.heineken.co.uk,WEB_PAGE,https://smartdispense.heineken.co.uk/save-with-smartdispense/,,,CURRENT,,,,INCOMPLETE,1,1.0,2026-08-18,Consolidate.xlsx
CEVID-0022,"HEINEKEN SmartDispense User Guide 2023, 85% waste reduction and 156 hours",smartdispense.heineken.co.uk,PDF,https://smartdispense.heineken.co.uk/wp-content/uploads/2023/04/1694-Heineken-SmartDispense-User-Guide-2023-v3.pdf,,,CURRENT,,,,INCOMPLETE,1,1.0,2026-08-18,Consolidate.xlsx
CEVID-0023,"Masterplug TES7, Screwfix, accessed 13 Aug 2026",screwfix.com,WEB_PAGE,https://www.screwfix.com/p/masterplug-tes7-digital-plug-in-plug-through-programmable-timer/50676,,,CURRENT,,,,INCOMPLETE,1,1.0,2026-08-18,Consolidate.xlsx
CEVID-0024,"Timeguard FST77N, LEDBulbs, accessed 13 Aug 2026",ledbulbs.co.uk,WEB_PAGE,https://www.ledbulbs.co.uk/products/timeguard-7-day-fused-spur-timeswitch-fst77n-1,,,CURRENT,,,,INCOMPLETE,1,1.0,2026-08-18,Consolidate.xlsx
CEVID-0025,"CentaurPlus two-channel programmer, Worcester Electrical, accessed 13 Aug 2026",worcesterelectrical.co.uk,WEB_PAGE,https://www.worcesterelectrical.co.uk/hvac/thermostats-%26-time-clocks/centaurplus-two-channel-7-day-programmer,,,CURRENT,,,,INCOMPLETE,1,1.0,2026-08-18,Consolidate.xlsx
CEVID-0026,"BN Thermic PROTIM7, accessed 13 Aug 2026",bnthermic.co.uk,WEB_PAGE,https://www.bnthermic.co.uk/products/controls/timers/programmable-timer/,,,CURRENT,,,,INCOMPLETE,1,1.0,2026-08-18,Consolidate.xlsx
CEVID-0027,"UK Government, Greenhouse gas reporting conversion factors 2026, Full set workbook, UK electricity!E25 and Fuels!D42",gov.uk,WEB_PAGE,https://www.gov.uk/government/publications/greenhouse-gas-reporting-conversion-factors-2026,,,CURRENT,,,,INCOMPLETE,5,1.0,2026-08-18,Consolidate.xlsx
CEVID-0028,The Folly Energy Saving Recommendations Report,oxfutures.org,PDF,https://oxfutures.org/wp-content/uploads/2020/12/The-Folly-Energy-Saving-Recommendations-Report-FINAL.pdf,,,CURRENT,,,,INCOMPLETE,2,1.0,2026-08-18,Consolidate.xlsx
CEVID-0029,Best Practices Guide for Hotels,bhahotels.com,PDF,https://www.bhahotels.com/wp-content/uploads/2009/06/best-practices-guide.pdf,,,CURRENT,,,,INCOMPLETE,3,1.0,2026-08-18,Consolidate.xlsx
CEVID-0030,Stonegate Pub Company and Technik2 Energy Solutions,stonegategroup.co.uk,WEB_PAGE,https://www.stonegategroup.co.uk/press/stonegate-pub-company-in-partnership-with-technik2-energy-solutions/,,,CURRENT,,,,INCOMPLETE,1,1.0,2026-08-18,Consolidate.xlsx
CEVID-0031,Hospitality Sector Council Energy Saving Guidance,hospitalitysectorcouncil.org,PDF,https://hospitalitysectorcouncil.org/media/kjxbw0id/hospitality-sector-councilenergy-savingguidance.pdf,,,CURRENT,,,,INCOMPLETE,1,1.0,2026-08-18,Consolidate.xlsx
CEVID-0032,"National Hamburger QSR case, eViewIoT",eviewiot.com,WEB_PAGE,https://eviewiot.com/hamburger-qsr/,,,CURRENT,,,,INCOMPLETE,1,1.0,2026-08-18,Consolidate.xlsx
CEVID-0033,"VSD: £1,200/unit, four 2.2 kW inverters, £3,000 control integration, £2,340 design/making good and £10,000 rounded total",broxbourne.gov.uk,WEB_PAGE,https://www.broxbourne.gov.uk/downloads/file/4588/the-spotlight-decarbonisation-study-1-0,"Table 29, PDF p.42. SPON-based project estimate. High-efficiency motor: £1,300 purchase cost for an 11 kW IE4 motor:",,CURRENT,,,,INCOMPLETE,1,1.0,2026-08-18,Consolidate.xlsx
CEVID-0034,"Table 29, PDF p.42. SPON-based project estimate. High-efficiency motor: £1,300 purchase cost for an 11 kW IE4 motor",carbontrust.com,PDF,https://www.carbontrust.com/sites/default/files/documents/resource/public/Motors-and-drives-guide.pdf,"printed p.23, life-cycle costing example. Published May 2018",,CURRENT,,,,INCOMPLETE,1,1.0,2026-08-18,Consolidate.xlsx
CEVID-0035,"purchase cost only. DCKV: £9,041 annual saving and 1.88-year payback",etl.energysecurity.gov.uk,WEB_PAGE,https://etl.energysecurity.gov.uk/case-studies/quintex-helps-slash-energy-consumption-wetherspoons-pub,"“The result: Significant savings on energy and costs”. The approximately £17,000 investment is inferred because the source does not state capex directly",,CURRENT,,,,INCOMPLETE,1,1.0,2026-08-18,Consolidate.xlsx
CEVID-0036,"VSD saving of 39,523 kWh/year",abdn.ac.uk,PDF,https://www.abdn.ac.uk/about/documents/SSR-CaseStudy-CHP-VSD.pdf,p.1. Higher-efficiency motors use 2%–5% less energy:,,CURRENT,,,,INCOMPLETE,1,1.0,2026-08-18,Consolidate.xlsx
CEVID-0037,p.1. Higher-efficiency motors use 2%–5% less energy,carbontrust.com,PDF,https://www.carbontrust.com/sites/default/files/documents/resource/public/Motors-and-drives-guide.pdf,"PDF p.17. DCKV saving of 36,167 kWh/year:",,CURRENT,,,,INCOMPLETE,1,1.0,2026-08-18,Consolidate.xlsx
CEVID-0038,"PDF p.17. DCKV saving of 36,167 kWh/year",etl.energysecurity.gov.uk,WEB_PAGE,https://etl.energysecurity.gov.uk/case-studies/quintex-helps-slash-energy-consumption-wetherspoons-pub,“The result: Significant savings on energy and costs”. 0.13096 kgCO2e/kWh:,,CURRENT,,,,INCOMPLETE,1,1.0,2026-08-18,Consolidate.xlsx
CEVID-0039,“The result: Significant savings on energy and costs”. 0.13096 kgCO2e/kWh,gov.uk,WEB_PAGE,https://www.gov.uk/government/publications/greenhouse-gas-reporting-conversion-factors-2026,full-set workbook “UK electricity”!E25,,CURRENT,,,,INCOMPLETE,1,1.0,2026-08-18,Consolidate.xlsx
CEVID-0040,"VSD: £2,900 cost, £3,560/year saving and payback reduced to under 10 months",abdn.ac.uk,PDF,https://www.abdn.ac.uk/about/documents/SSR-CaseStudy-CHP-VSD.pdf,pp.1–2. Building heating-pump case,,CURRENT,,,,INCOMPLETE,1,1.0,2026-08-18,Consolidate.xlsx
CEVID-0041,"site results depend on duty cycle and tariff. DCKV: 1.88-year payback and £9,041/year saving",etl.energysecurity.gov.uk,WEB_PAGE,https://etl.energysecurity.gov.uk/case-studies/quintex-helps-slash-energy-consumption-wetherspoons-pub,“The result: Significant savings on energy and costs”. Direct pub case,,CURRENT,,,,INCOMPLETE,1,1.0,2026-08-18,Consolidate.xlsx
CEVID-0042,VSD 16% speed reduction and 41.8% power-demand reduction,abdn.ac.uk,PDF,https://www.abdn.ac.uk/about/documents/SSR-CaseStudy-CHP-VSD.pdf,p.1. Variable-torque power varies with speed³ and higher-efficiency motors use 2%–5% less energy:,,CURRENT,,,,INCOMPLETE,1,1.0,2026-08-18,Consolidate.xlsx
CEVID-0043,p.1. Variable-torque power varies with speed³ and higher-efficiency motors use 2%–5% less energy,carbontrust.com,PDF,https://www.carbontrust.com/sites/default/files/documents/resource/public/Motors-and-drives-guide.pdf,"PDF pp.8 and 17. DCKV 36,167 kWh/year, 69% case reduction and 50%–60% supplier-stated typical reduction:",,CURRENT,,,,INCOMPLETE,1,1.0,2026-08-18,Consolidate.xlsx
CEVID-0044,"PDF pp.8 and 17. DCKV 36,167 kWh/year, 69% case reduction and 50%–60% supplier-stated typical reduction",etl.energysecurity.gov.uk,WEB_PAGE,https://etl.energysecurity.gov.uk/case-studies/quintex-helps-slash-energy-consumption-wetherspoons-pub,"case results and Quintex quotation. DCKV results apply to extract and supply fan energy, not total kitchen energy.",,CURRENT,,,,INCOMPLETE,1,1.0,2026-08-18,Consolidate.xlsx
CEVID-0045,"Capital cost >£64,000, 250 kW heat-reclaim exchanger and 943 MWh/year recovered heat",assets.publishing.service.gov.uk,PDF,https://assets.publishing.service.gov.uk/media/611b863e8fa8f53dc88ae8b7/ihrs-case-study-yeo-valley.pdf,PDF pp.2–3. Food-production refrigeration case,,CURRENT,,,,INCOMPLETE,1,1.0,2026-08-18,Consolidate.xlsx
CEVID-0046,943 MWh/year and 85% boiler efficiency,assets.publishing.service.gov.uk,PDF,https://assets.publishing.service.gov.uk/media/611b863e8fa8f53dc88ae8b7/ihrs-case-study-yeo-valley.pdf,PDF p.2. 0.18231 kgCO2e/kWh natural gas:,,CURRENT,,,,INCOMPLETE,1,1.0,2026-08-18,Consolidate.xlsx
CEVID-0047,PDF p.2. 0.18231 kgCO2e/kWh natural gas,gov.uk,WEB_PAGE,https://www.gov.uk/government/publications/greenhouse-gas-reporting-conversion-factors-2026,full-set workbook “Fuels”!D42. Estimate excludes parasitic electricity,,CURRENT,,,,INCOMPLETE,1,1.0,2026-08-18,Consolidate.xlsx
CEVID-0048,"Capital cost >£64,000, annual saving almost £22,000, 30% grant and reported two-year payback",assets.publishing.service.gov.uk,PDF,https://assets.publishing.service.gov.uk/media/611b863e8fa8f53dc88ae8b7/ihrs-case-study-yeo-valley.pdf,PDF pp.2–3. General 3–5-year payback guidance:,,CURRENT,,,,INCOMPLETE,1,1.0,2026-08-18,Consolidate.xlsx
CEVID-0049,PDF pp.2–3. General 3–5-year payback guidance,carbontrust.com,PDF,https://www.carbontrust.com/sites/default/files/documents/resource/public/Refrigeration-guide.pdf,"printed p.13, Potential Savings.",,CURRENT,,,,INCOMPLETE,1,1.0,2026-08-18,Consolidate.xlsx
CEVID-0050,Refrigeration 250 kW and 943 MWh/year,assets.publishing.service.gov.uk,PDF,https://assets.publishing.service.gov.uk/media/611b863e8fa8f53dc88ae8b7/ihrs-case-study-yeo-valley.pdf,"PDF p.2. Cooking-extract 80,000 kWh/year simulation and trial status:",,CURRENT,,,,INCOMPLETE,1,1.0,2026-08-18,Consolidate.xlsx
CEVID-0051,"PDF p.2. Cooking-extract 80,000 kWh/year simulation and trial status",hospitalitysectorcouncil.org,WEB_PAGE,https://hospitalitysectorcouncil.org/news/enjay-and-burger-king-innovation-case-study/,case-study body. Wastewater thresholds and score definition:,,CURRENT,,,,INCOMPLETE,1,1.0,2026-08-18,Consolidate.xlsx
CEVID-0052,case-study body. Wastewater thresholds and score definition,etl.energysecurity.gov.uk,WEB_PAGE,https://etl.energysecurity.gov.uk/products/wastewater-heat-recovery-systems/wastewater-heat-recovery-systems-instantaneous,"§§1.3.2 and 1.4.2, Table 1.1.",,CURRENT,,,,INCOMPLETE,1,1.0,2026-08-18,Consolidate.xlsx
CEVID-0053,etl.energysecurity.gov.uk,etl.energysecurity.gov.uk,WEB_PAGE,https://etl.energysecurity.gov.uk/case-studies/autoflame-burner-controllers-save-energy-londons-leadenhall-building-and-nhs,"“The result”: NHS 7.03% / £9,605",,CURRENT,,,,INCOMPLETE,1,1.0,2026-08-18,Consolidate.xlsx
CEVID-0054,etl.energysecurity.gov.uk,etl.energysecurity.gov.uk,WEB_PAGE,https://etl.energysecurity.gov.uk/case-studies/autoflame-burner-controllers-save-energy-londons-leadenhall-building-and-nhs,“The result”: Leadenhall 180 tCO2/year,,CURRENT,,,,INCOMPLETE,1,1.0,2026-08-18,Consolidate.xlsx
CEVID-0055,etl.energysecurity.gov.uk,etl.energysecurity.gov.uk,WEB_PAGE,https://etl.energysecurity.gov.uk/case-studies/autoflame-burner-controllers-save-energy-londons-leadenhall-building-and-nhs,“The result”: Leadenhall ROI,,CURRENT,,,,INCOMPLETE,1,1.0,2026-08-18,Consolidate.xlsx
CEVID-0056,etl.energysecurity.gov.uk,etl.energysecurity.gov.uk,WEB_PAGE,https://etl.energysecurity.gov.uk/case-studies/autoflame-burner-controllers-save-energy-londons-leadenhall-building-and-nhs,“The result”: NHS case,,CURRENT,,,,INCOMPLETE,1,1.0,2026-08-18,Consolidate.xlsx
CEVID-0057,Three hotel total installed costs converted to GBP,mncee.org,PDF,https://www.mncee.org/sites/default/files/report-files/522971.pdf,"Table 22, PDF p.67. Source values 1,940, 2,323 and 2,668 converted at 1.3356 source-currency units per £1. 2018 annual exchange rate:",,CURRENT,,,,INCOMPLETE,1,1.0,2026-08-18,Consolidate.xlsx
CEVID-0058,"Table 22, PDF p.67. Source values 1,940, 2,323 and 2,668 converted at 1.3356 source-currency units per £1. 2018 annual exchange rate",ons.gov.uk,WEB_PAGE,https://www.ons.gov.uk/economy/nationalaccounts/balanceofpayments/timeseries/auss/diop,2018 = 1.3356. Costs use existing recirculation pumps and exclude extra troubleshooting/commissioning visits.,,CURRENT,,,,INCOMPLETE,1,1.0,2026-08-18,Consolidate.xlsx
CEVID-0059,"Hotel savings of 986/1,304 therm and 2,575/627 kWh",mncee.org,PDF,https://www.mncee.org/sites/default/files/report-files/522971.pdf,"Table 1, PDF p.10. 1 therm = 100,000 Btu and 1 kWh = 3,412 Btu:",,CURRENT,,,,INCOMPLETE,1,1.0,2026-08-18,Consolidate.xlsx
CEVID-0060,"Table 1, PDF p.10. 1 therm = 100,000 Btu and 1 kWh = 3,412 Btu",eia.gov,WEB_PAGE,https://www.eia.gov/energyexplained/units-and-calculators/,,,CURRENT,,,,INCOMPLETE,1,1.0,2026-08-18,Consolidate.xlsx
CEVID-0061,UK factors,gov.uk,WEB_PAGE,https://www.gov.uk/government/publications/greenhouse-gas-reporting-conversion-factors-2026,full-set workbook “Fuels”!D42 and “UK electricity”!E25.,,CURRENT,,,,INCOMPLETE,1,1.0,2026-08-18,Consolidate.xlsx
CEVID-0062,"Hotel total costs, annual savings and paybacks",mncee.org,PDF,https://www.mncee.org/sites/default/files/report-files/522971.pdf,"Table 22, PDF p.67. The report states hotels using >1,500 gallons/day generally achieved payback around two years",,CURRENT,,,,INCOMPLETE,1,1.0,2026-08-18,Consolidate.xlsx
CEVID-0063,"Baseline, controlled use and savings",mncee.org,PDF,https://www.mncee.org/sites/default/files/report-files/522971.pdf,"Table 1, PDF p.10. Three hotels were included and alternating baseline/control testing ran for at least 10 months: PDF p.9. The report warns that the field sample was too small for broad sector conclusions and that correct commissioning was essential: PDF pp.68–69.",,CURRENT,,,,INCOMPLETE,1,1.0,2026-08-18,Consolidate.xlsx
CEVID-0064,stated for commercial settings.,uk.rs-online.com,WEB_PAGE,https://uk.rs-online.com/web/p/plug-in-timers/1785368,"Manchester Compliance, ‘Teleswitch Replacement Costs’, 13 July 2026: £150–£300 including time clock, installation, programming, testing and certification",,CURRENT,,,,INCOMPLETE,1,1.0,2026-08-18,Consolidate.xlsx
CEVID-0065,housing-sector installed-cost proxy.,manchestercompliance.co.uk,WEB_PAGE,https://www.manchestercompliance.co.uk/news/teleswitch-replacement-costs-housing-associations/,,,CURRENT,,,,INCOMPLETE,1,1.0,2026-08-18,Consolidate.xlsx
CEVID-0066,48%,gsa.gov,PDF,https://www.gsa.gov/system/files/GPG003-Advanced%20Power%20Strips-Findings-508R.pdf,p.3,,CURRENT,,,,INCOMPLETE,1,1.0,2026-08-18,Consolidate.xlsx
CEVID-0067,0.13096,gov.uk,WEB_PAGE,https://www.gov.uk/government/publications/greenhouse-gas-reporting-conversion-factors-2026,"full-set workbook, ‘UK electricity’!E25",,CURRENT,,,,INCOMPLETE,4,1.0,2026-08-18,Consolidate.xlsx
CEVID-0068,gsa.gov,gsa.gov,PDF,https://www.gsa.gov/system/files/GPG003-Advanced%20Power%20Strips-Findings-508R.pdf,"p.3, Cost-Effectiveness",,CURRENT,,,,INCOMPLETE,1,1.0,2026-08-18,Consolidate.xlsx
CEVID-0069,gsa.gov,gsa.gov,PDF,https://www.gsa.gov/system/files/GPG003-Advanced%20Power%20Strips-Findings-508R.pdf,"pp.2–3, Energy Savings",,CURRENT,,,,INCOMPLETE,1,1.0,2026-08-18,Consolidate.xlsx
CEVID-0070,33 and 9 kWh/month,betterbuildingssolutioncenter.energy.gov,WEB_PAGE,https://betterbuildingssolutioncenter.energy.gov/implementation-models/ccac-computer-power-management,Results,,CURRENT,,,,INCOMPLETE,2,1.0,2026-08-18,Consolidate.xlsx
CEVID-0071,betterbuildingssolutioncenter.energy.gov,betterbuildingssolutioncenter.energy.gov,WEB_PAGE,https://betterbuildingssolutioncenter.energy.gov/implementation-models/ccac-computer-power-management,Implementation,,CURRENT,,,,INCOMPLETE,1,1.0,2026-08-18,Consolidate.xlsx
CEVID-0072,"excludes structural, statutory and professional fees.",docs.planning.org.uk,PDF,https://docs.planning.org.uk/20220921/27/RGTDNNBCKYY00/um6x2dhupb7ey4ea.pdf,,,CURRENT,,,,INCOMPLETE,1,1.0,2026-08-18,Consolidate.xlsx
CEVID-0073,"56%: ACEEE, Advancing Elevator Energy Efficiency, report p.6, direct 20-storey Hyatt Place hotel case.",aceee.org,PDF,https://www.aceee.org/sites/default/files/publications/researchreports/a1501.pdf,"0.13096: UK Government 2026 conversion-factor full-set XLSX, ‘Factors by Category’!J3066.",,CURRENT,,,,INCOMPLETE,1,1.0,2026-08-18,Consolidate.xlsx
CEVID-0074,"Cost: Ardent Lift Consultancy survey, PDF p.14.",docs.planning.org.uk,PDF,https://docs.planning.org.uk/20220921/27/RGTDNNBCKYY00/um6x2dhupb7ey4ea.pdf,"Saving: ACEEE hotel case, report p.6.",,CURRENT,,,,INCOMPLETE,1,1.0,2026-08-18,Consolidate.xlsx
CEVID-0075,"Saving: ACEEE hotel case, report p.6.",aceee.org,PDF,https://www.aceee.org/sites/default/files/publications/researchreports/a1501.pdf,,,CURRENT,,,,INCOMPLETE,1,1.0,2026-08-18,Consolidate.xlsx
CEVID-0076,"ACEEE, Advancing Elevator Energy Efficiency, report p.6.",aceee.org,PDF,https://www.aceee.org/sites/default/files/publications/researchreports/a1501.pdf,"Columbus McKinnon, Emily Morgan Hotel regenerative-drive case, Results.",,CURRENT,,,,INCOMPLETE,1,1.0,2026-08-18,Consolidate.xlsx
CEVID-0077,"Columbus McKinnon, Emily Morgan Hotel regenerative-drive case, Results.",cmco.com,WEB_PAGE,https://www.cmco.com/en-sx/resources/case-studies-listing-page/emily-morgan-hotel-realizes-rebates-with-quattro-drives/,,,CURRENT,,,,INCOMPLETE,1,1.0,2026-08-18,Consolidate.xlsx
CEVID-0078,pwtag.org,pwtag.org,WEB_PAGE,https://www.pwtag.org/pool-circulation-pumps-variable-speed-drives/,typical VSD installation cost,,CURRENT,,,,INCOMPLETE,1,1.0,2026-08-18,Consolidate.xlsx
CEVID-0079,"240,000 kWh and 5 VSDs",leicester.gov.uk,PDF,https://www.leicester.gov.uk/media/e3dnjnr3/4f-leicester-vsd-0223.pdf,p.12,,CURRENT,,,,INCOMPLETE,3,1.0,2026-08-18,Consolidate.xlsx
CEVID-0080,Typical,pwtag.org,WEB_PAGE,https://www.pwtag.org/pool-circulation-pumps-variable-speed-drives/,,,CURRENT,,,,INCOMPLETE,1,1.0,2026-08-18,Consolidate.xlsx
CEVID-0081,ccacoalition.org,ccacoalition.org,PDF,https://www.ccacoalition.org/sites/default/files/resources/files/2015_11_case-studies-low-gwp-commercial-refrigeration-technologies.pdf,"Sobeys case, printed p.17",,CURRENT,,,,INCOMPLETE,3,1.0,2026-08-18,Consolidate.xlsx
CEVID-0082,gov.uk,gov.uk,WEB_PAGE,https://www.gov.uk/government/publications/greenhouse-gas-reporting-conversion-factors-2026,"2026 full-set workbook, ‘Refrigerant & other’ worksheet, rows labelled R404A and R290",,CURRENT,,,,INCOMPLETE,1,1.0,2026-08-18,Consolidate.xlsx
CEVID-0083,etl.energysecurity.gov.uk,etl.energysecurity.gov.uk,PDF,https://etl.energysecurity.gov.uk/sites/default/files/2021-06/Refrigeration-equipment-claim-value-guide.pdf,"p.25, Table 23.1",,CURRENT,,,,INCOMPLETE,1,1.0,2026-08-18,Consolidate.xlsx
CEVID-0084,gov.uk,gov.uk,WEB_PAGE,https://www.gov.uk/government/publications/greenhouse-gas-reporting-conversion-factors-2026,"2026 full-set workbook, ‘Refrigerant & other’ worksheet, rows labelled R404A, HFC-134a and R290",,CURRENT,,,,INCOMPLETE,1,1.0,2026-08-18,Consolidate.xlsx
CEVID-0085,next.shropshire.gov.uk,next.shropshire.gov.uk,PDF,https://next.shropshire.gov.uk/media/4555/refrigeration_guide.pdf,printed p.29,,CURRENT,,,,INCOMPLETE,2,1.0,2026-08-18,Consolidate.xlsx
CEVID-0086,instant triggers eliminate lag and streamlined execution enables faster event closure.,facilio.com,WEB_PAGE,https://facilio.com/newsroom/hellofresh-facilio-press-release/,,,CURRENT,,,,INCOMPLETE,1,1.0,2026-08-18,Consolidate.xlsx
CEVID-0087,equipment removal/recharge not included.,ultimateair.co.uk,PDF,https://ultimateair.co.uk/wp-content/uploads/2025/10/Ultimate-Air-October-2025-Price-Book.pdf,,,CURRENT,,,,INCOMPLETE,1,1.0,2026-08-18,Consolidate.xlsx
CEVID-0088,"3,943",gov.uk,WEB_PAGE,https://www.gov.uk/government/publications/greenhouse-gas-reporting-conversion-factors-2026,"2026 full-set workbook, ‘Refrigerant & other’ worksheet, R404A row",,CURRENT,,,,INCOMPLETE,1,1.0,2026-08-18,Consolidate.xlsx
CEVID-0089,90%,gov.uk,WEB_PAGE,https://www.gov.uk/guidance/waste-electrical-and-electronic-equipment-weee-refrigerant-recovery-monitoring,Process monitoring,,CURRENT,,,,INCOMPLETE,1,1.0,2026-08-18,Consolidate.xlsx
CEVID-0090,gov.uk,gov.uk,WEB_PAGE,https://www.gov.uk/guidance/recovering-ods-from-equipment,Recovery and treatment requirements,,CURRENT,,,,INCOMPLETE,1,1.0,2026-08-18,Consolidate.xlsx
CEVID-0091,gov.uk,gov.uk,WEB_PAGE,https://www.gov.uk/guidance/waste-electrical-and-electronic-equipment-weee-refrigerant-recovery-monitoring,Waste treatment and Process monitoring,,CURRENT,,,,INCOMPLETE,1,1.0,2026-08-18,Consolidate.xlsx
CEVID-0092,dorsetcouncil.gov.uk,dorsetcouncil.gov.uk,WEB_PAGE,https://www.dorsetcouncil.gov.uk/w/washingpool-farm-shop-leads-way-with-green-technology,"project cost £30,889",,CURRENT,,,,INCOMPLETE,1,1.0,2026-08-18,Consolidate.xlsx
CEVID-0093,4.71 and 0.81 kWh/day,etl.energysecurity.gov.uk,WEB_PAGE,https://etl.energysecurity.gov.uk/case-studies/etl-approved-rhino-products-keep-drinks-cool-punch-and-judy-pub,The Solution and The Result,,CURRENT,,,,INCOMPLETE,2,1.0,2026-08-18,Consolidate.xlsx
CEVID-0094,dorsetcouncil.gov.uk,dorsetcouncil.gov.uk,WEB_PAGE,https://www.dorsetcouncil.gov.uk/w/washingpool-farm-shop-leads-way-with-green-technology,"£30,889 cost, £12,356 grant and £15,000 annual saving",,CURRENT,,,,INCOMPLETE,1,1.0,2026-08-18,Consolidate.xlsx
CEVID-0095,>24 restaurant/hotel freezers).,ieso.ca,WEB_PAGE,https://www.ieso.ca/-/media/Files/IESO/Document-Library/research/CC-Energy-Efficiency-Studies-and-Demonstrations-2019-04-25,"0.13096: UK Government 2026 conversion-factor full-set XLSX, ‘Factors by Category’!J3066.",,CURRENT,,,,INCOMPLETE,1,1.0,2026-08-18,Consolidate.xlsx
CEVID-0096,"IESO, Energy Efficiency Studies and Demonstrations, PDF p.9, Freezer Set Point Research Study.",ieso.ca,WEB_PAGE,https://www.ieso.ca/-/media/Files/IESO/Document-Library/research/CC-Energy-Efficiency-Studies-and-Demonstrations-2019-04-25,,,CURRENT,,,,INCOMPLETE,1,1.0,2026-08-18,Consolidate.xlsx
CEVID-0097,Hawaii Wave 2kW from £599.,herschel-infrared.co.uk,WEB_PAGE,https://www.herschel-infrared.co.uk/commercial-heaters/,"Bromic UK Eclipse Smart-Heat Portable 3kW: £3,969 incl. VAT",,CURRENT,,,,INCOMPLETE,1,1.0,2026-08-18,Consolidate.xlsx
CEVID-0098,"integrated dimmable LED, app/remote control, up to 13m².",bromic.co.uk,WEB_PAGE,https://www.bromic.co.uk/product/eclipse-smart-heat-electric-portable/,"MyJobQuote, Outdoor Socket Cost, updated 22 January 2026: £300–£500 for a new outdoor dedicated circuit from the consumer unit",,CURRENT,,,,INCOMPLETE,1,1.0,2026-08-18,Consolidate.xlsx
CEVID-0099,"installation-cost proxy, not a hospitality quotation.",myjobquote.co.uk,WEB_PAGE,https://www.myjobquote.co.uk/costs/install-an-outdoor-socket,,,CURRENT,,,,INCOMPLETE,1,1.0,2026-08-18,Consolidate.xlsx
CEVID-0100,legacy estimate from Energy Saving Trust and British Gas.,london.gov.uk,WEB_PAGE,https://www.london.gov.uk/who-we-are/what-london-assembly-does/questions-mayor/find-an-answer/patio-heaters,,,CURRENT,,,,INCOMPLETE,1,1.0,2026-08-18,Consolidate.xlsx
CEVID-0101,"July 2026 GB prices, 20m² for 2 hours.",energysavingtrust.org.uk,WEB_PAGE,https://energysavingtrust.org.uk/summer-energy-saving/,,,CURRENT,,,,INCOMPLETE,2,1.0,2026-08-18,Consolidate.xlsx
CEVID-0102,"CISL, Building Entopia: The story behind the ultra-sustainable retrofit, PDF pp.6–12.",cisl.cam.ac.uk,PDF,https://www.cisl.cam.ac.uk/files/building_entopia_case_study_280922.pdf,,,CURRENT,,,,INCOMPLETE,4,1.0,2026-08-18,Consolidate.xlsx
CEVID-0103,the ability to influence outcomes reduces and implementation becomes more expensive at later stages.,rics.org,PDF,https://www.rics.org/content/dam/ricsglobal/documents/standards/Whole_life_carbon_assessment_PS_Sept23.pdf,,,CURRENT,,,,INCOMPLETE,3,1.0,2026-08-18,Consolidate.xlsx
CEVID-0104,"RICS, Whole life carbon assessment for the built environment, 2nd ed. (Version 3, August 2024), PDF pp.57–58: use manufacturer/product-specific EPDs for selected products.",rics.org,PDF,https://www.rics.org/content/dam/ricsglobal/documents/standards/Whole_life_carbon_assessment_PS_Sept23.pdf,"EPD International comparability rules: same/aligned PCR, identical function and declared/functional unit, identical life-cycle scope and impact method, and valid EPDs.",,CURRENT,,,,INCOMPLETE,1,1.0,2026-08-18,Consolidate.xlsx
CEVID-0105,"EPD International comparability rules: same/aligned PCR, identical function and declared/functional unit, identical life-cycle scope and impact method, and valid EPDs.",environdec.com,WEB_PAGE,https://www.environdec.com/library/epd26371,,,CURRENT,,,,INCOMPLETE,1,1.0,2026-08-18,Consolidate.xlsx
CEVID-0106,"UKGBC, Timber Square case study.",ukgbc.org,WEB_PAGE,https://ukgbc.org/resources/timber-square/,,,CURRENT,,,,INCOMPLETE,2,1.0,2026-08-18,Consolidate.xlsx
CEVID-0107,"UKGBC, How Circular Economy Principles can impact carbon and value, PDF p.13.",ukgbc.org,PDF,https://ukgbc.org/wp-content/uploads/2022/08/Whole-Life-Carbon-Circular-Economy-Report.pdf,,,CURRENT,,,,INCOMPLETE,1,1.0,2026-08-18,Consolidate.xlsx
CEVID-0108,coverage up to 17m²/L.,paint-direct.co.uk,WEB_PAGE,https://www.paint-direct.co.uk/p/dulux-trade-evolve-matt,,,CURRENT,,,,INCOMPLETE,2,1.0,2026-08-18,Consolidate.xlsx
CEVID-0109,"(accessed 10 Aug 2026). That Carpet Tile Company, Interface Heuga 580 II: £25.00/m² ex VAT for 100–295m².",thatcarpettilecompany.co.uk,WEB_PAGE,https://www.thatcarpettilecompany.co.uk/shop/carpet-tiles/nylon-carpet-tiles/interface-heuga-580-ii-carpet-tiles/,,,CURRENT,,,,INCOMPLETE,1,1.0,2026-08-18,Consolidate.xlsx
CEVID-0110,Flooring Hut: £32.59/m² incl. VAT.,flooringhut.co.uk,WEB_PAGE,https://www.flooringhut.co.uk/interface/heuga-580-ii/interface-heuga-580-onyx-1267232,,,CURRENT,,,,INCOMPLETE,1,1.0,2026-08-18,Consolidate.xlsx
CEVID-0111,"(accessed 10 Aug 2026). BuyMaterials, Knauf Rocksilk Flexible Slab 100mm: £30.02–£33.36 + VAT per 4.32m² pack.",buymaterials.com,WEB_PAGE,https://www.buymaterials.com/product/226881,,,CURRENT,,,,INCOMPLETE,1,1.0,2026-08-18,Consolidate.xlsx
CEVID-0112,"Paint: Dulux Decorator Centre carbon table—Evolve Matt 0.09 vs Vinyl Matt 0.13 kgCO₂e/m², cradle-to-gate.",duluxdecoratorcentre.co.uk,WEB_PAGE,https://www.duluxdecoratorcentre.co.uk/sustainable-specifications/paint-carbon-data,,,CURRENT,,,,INCOMPLETE,1,1.0,2026-08-18,Consolidate.xlsx
CEVID-0113,(accessed 10 Aug 2026). Carpet tile: Interface Heuga 580 II 3.53 kgCO₂e/m² A1–A3.,shop.interface.com,WEB_PAGE,https://shop.interface.com/GB/en-GB/carpet-tile/heuga-580-ii/1267C.html,,,CURRENT,,,,INCOMPLETE,2,1.0,2026-08-18,Consolidate.xlsx
CEVID-0114,Interface cites the EC3 Europe conservative carpet-tile benchmark of 6.95 kgCO₂e/m² A1–A3.,interface.com,WEB_PAGE,https://www.interface.com/GB/en-GB/sustainability/embodied-carbon-values.html,,,CURRENT,,,,INCOMPLETE,1,1.0,2026-08-18,Consolidate.xlsx
CEVID-0115,(accessed 10 Aug 2026). Insulation: Knauf Rocksilk Flexible Slab 100mm = 4.37 kgCO₂e/m² A1–A3 and R2.70.,knauf.com,WEB_PAGE,https://knauf.com/api/download-center/v1/assets/b8df2cec-1797-4cc4-8b66-77ae36cd4dcc?country=gb&download=true,,,CURRENT,,,,INCOMPLETE,2,1.0,2026-08-18,Consolidate.xlsx
CEVID-0116,"Knauf embodied-carbon guide PIR benchmark = 2.163 kgCO₂e/m² at R1.0, normalized to R2.70 for comparison.",assets.knauf.com,PDF,https://assets.knauf.com/content/dam/local/gb/ki/4206/marketing/housebuilder-hub-downloads/knauf_insulation_embodied_carbon-guide-en-uk_nov22.pdf,,,CURRENT,,,,INCOMPLETE,1,1.0,2026-08-18,Consolidate.xlsx
CEVID-0117,"Knauf, Rocksilk Flexible Slab: 100mm, λ0.037 W/mK, R2.70 m²K/W and Euroclass A1.",knauf.com,WEB_PAGE,https://knauf.com/en-GB/p/product/rocksilk-r-flexible-slab-26362_4206,,,CURRENT,,,,INCOMPLETE,1,1.0,2026-08-18,Consolidate.xlsx
CEVID-0118,"Nisbets, Polar C-Series 600L fridge (£699.99 ex VAT)",nisbets.co.uk,WEB_PAGE,https://www.nisbets.co.uk/polar-c-series-upright-fridge-white-600ltr/pc005,,,CURRENT,,,,INCOMPLETE,2,1.0,2026-08-18,Consolidate.xlsx
CEVID-0119,"Nisbets, HOST 600L comparator (£489.00 ex VAT)",nisbets.co.uk,WEB_PAGE,https://www.nisbets.co.uk/host-commercial-upright-fridge-stainless-steel-600l/ht214,,,CURRENT,,,,INCOMPLETE,2,1.0,2026-08-18,Consolidate.xlsx
CEVID-0120,"CS Catering, Winterhalter PT-M EnergyPlus (£13,432.93 ex VAT)",cs-catering-equipment.co.uk,WEB_PAGE,https://www.cs-catering-equipment.co.uk/winterhalter-pt-m-pass-through-glasswasher-energyplus,,,CURRENT,,,,INCOMPLETE,3,1.0,2026-08-18,Consolidate.xlsx
CEVID-0121,"standard PT-M (£9,925.20 ex VAT) and old-unit collection (£500 ex VAT)",cs-catering-equipment.co.uk,WEB_PAGE,https://www.cs-catering-equipment.co.uk/winterhalter-pt-m-pass-through-glasswasher,,,CURRENT,,,,INCOMPLETE,1,1.0,2026-08-18,Consolidate.xlsx
CEVID-0122,"Nisbets, Rational iCombi Pro 10-grid (£7,799.99 ex VAT)",nisbets.co.uk,WEB_PAGE,https://www.nisbets.co.uk/rational-icombi-pro-combi-oven-icp-1011e/fn886,,,CURRENT,,,,INCOMPLETE,1,1.0,2026-08-18,Consolidate.xlsx
CEVID-0123,"UK electricity consumed factor including grid losses: 0.14396 kgCO₂e/kWh, DESNZ 2026 methodology, Table 9",assets.publishing.service.gov.uk,PDF,https://assets.publishing.service.gov.uk/media/6a2940543b15d05a7ce3202e/2026-GHG-conversion-factors-methodology-report.pdf,,,CURRENT,,,,INCOMPLETE,1,1.0,2026-08-18,Consolidate.xlsx
CEVID-0124,iCombi Pro 101 energy saving approximately 20% versus comparable predecessor under standardised ENERGY STAR tests,rational-online.com,PDF,https://www.rational-online.com/media/investor-relations/veroeffentlichungen-gj-2023/rational-ag---non-financial-report-2023.pdf,,,CURRENT,,,,INCOMPLETE,2,1.0,2026-08-18,Consolidate.xlsx
CEVID-0125,"Fridge prices and annual electricity use: Nisbets product pages cited in V29. UK average non-domestic electricity price including Climate Change Levy, Q1 2026: 24.14 p/kWh, DESNZ Quarterly Energy Prices June 2026",gov.uk,WEB_PAGE,https://www.gov.uk/government/statistics/quarterly-energy-prices-june-2026,,,CURRENT,,,,INCOMPLETE,2,1.0,2026-08-18,Consolidate.xlsx
CEVID-0126,"productivity and cooking time: RATIONAL, The iCombi Pro",rational-online.com,WEB_PAGE,https://www.rational-online.com/en_gb/news/the-icombi-pro-by-rational.php,,,CURRENT,,,,INCOMPLETE,1,1.0,2026-08-18,Consolidate.xlsx
CEVID-0127,"UKGBC, JLL – Manchester office fit-out case study.",ukgbc.org,WEB_PAGE,https://ukgbc.org/resources/jll-manchester-office-fit-out/,,,CURRENT,,,,INCOMPLETE,2,1.0,2026-08-18,Consolidate.xlsx
CEVID-0128,"Optimised, Radisson Blu Hotel Manchester Airport case study, sections ‘The Challenges’ and ‘The Results’.",optimised.net,WEB_PAGE,https://www.optimised.net/services/case-studies/radisson-blu,,,CURRENT,,,,INCOMPLETE,2,1.0,2026-08-18,Consolidate.xlsx
CEVID-0129,"UK Energy Technology List purchaser guidance states that the ETL, its product database and procurement information are free to use",etl.energysecurity.gov.uk,WEB_PAGE,https://etl.energysecurity.gov.uk/purchasers,,,CURRENT,,,,INCOMPLETE,2,1.0,2026-08-18,Consolidate.xlsx
CEVID-0130,and review supplier information,etl.energysecurity.gov.uk,WEB_PAGE,https://etl.energysecurity.gov.uk/news-events/news/practical-guide-selecting-etl-listed-products,,,CURRENT,,,,INCOMPLETE,2,1.0,2026-08-18,Consolidate.xlsx
CEVID-0131,"National Gas Metering developed a working industrial kitchen prototype powered entirely by hydrogen and reports safe operation without compromising food quality, demonstrating the value of testing equipment, safety and performance before wider adoption",nationalgas.com,WEB_PAGE,https://www.nationalgas.com/metering/ngm-case-studies/national-gas-metering-develop-worlds-first-hydrogen-powered-commercial,,,CURRENT,,,,INCOMPLETE,1,1.0,2026-08-18,Consolidate.xlsx
CEVID-0132,National Gas FutureGrid uses controlled testing to develop safety standards and operational processes for future hydrogen infrastructure,nationalgas.com,WEB_PAGE,https://www.nationalgas.com/future-energy/futuregrid,,,CURRENT,,,,INCOMPLETE,1,1.0,2026-08-18,Consolidate.xlsx
CEVID-0133,topic list and legal disclaimer.,betterbuildingspartnership.co.uk,WEB_PAGE,https://www.betterbuildingspartnership.co.uk/green-lease-toolkit/green-lease-clauses,,,CURRENT,,,,INCOMPLETE,5,1.0,2026-08-18,Consolidate.xlsx
CEVID-0134,businesses can request the previous year's smart-meter energy data free of charge,assets.publishing.service.gov.uk,PDF,https://assets.publishing.service.gov.uk/media/666c802cfdbf70d6d79d96d0/smart-meters-public-sector-introductory-guide.pdf,,,CURRENT,,,,INCOMPLETE,3,1.0,2026-08-18,Consolidate.xlsx
CEVID-0135,15% support and maintenance applies to licence costs,assets.applytosupply.digitalmarketplace.service.gov.uk,PDF,https://assets.applytosupply.digitalmarketplace.service.gov.uk/g-cloud-14/documents/719761/261750624610855-pricing-document-2024-05-03-1321.pdf,,,CURRENT,,,,INCOMPLETE,3,1.0,2026-08-18,Consolidate.xlsx
CEVID-0136,"SystemsLink states the platform supports automated imports from invoices, half-hourly meters, AMR and BMS, with data validation and tolerance checks",systems-link.com,WEB_PAGE,https://systems-link.com/software/energy-management-software/,,,CURRENT,,,,INCOMPLETE,2,1.0,2026-08-18,Consolidate.xlsx
CEVID-0137,"GHG Protocol Scope 2 Guidance/FAQ requires market-based emissions to use qualifying contractual instruments and the most appropriate available supplier/product-specific, residual-mix or grid-average factor, while location-based and market-based results are reported separately",ghgprotocol.org,WEB_PAGE,https://ghgprotocol.org/scope-2-frequently-asked-questions,,,CURRENT,,,,INCOMPLETE,2,1.0,2026-08-18,Consolidate.xlsx
CEVID-0138,"GHG Protocol tenant guidance requires landlord-purchased energy attribute certificates to be transparently allocated, with tenant allocations not exceeding the quantity purchased and no landlord/tenant double counting",ghgptechassistance.zendesk.com,WEB_PAGE,https://ghgptechassistance.zendesk.com/hc/en-us/articles/37755237431700-Can-Tenants-Claim-Renewable-Electricity-if-Landlord-Purchases-EACs-Criteria-and-Documentation-Needed,,,CURRENT,,,,INCOMPLETE,1,1.0,2026-08-18,Consolidate.xlsx
CEVID-0139,Ofgem states that one REGO represents 1 MWh of eligible renewable generation and supports fuel-mix transparency,ofgem.gov.uk,WEB_PAGE,https://www.ofgem.gov.uk/environmental-and-social-schemes/renewable-energy-guarantees-origin-rego,,,CURRENT,,,,INCOMPLETE,1,1.0,2026-08-18,Consolidate.xlsx
CEVID-0140,"Better Buildings Partnership, Green Building Management Toolkit, York House case study, PDF pp.4 and 7–8.",betterbuildingspartnership.co.uk,PDF,https://www.betterbuildingspartnership.co.uk/sites/default/files/media/attachment/BBP%20Green%20Building%20Managment%20Toolkit.pdf,,,CURRENT,,,,INCOMPLETE,4,1.0,2026-08-18,Consolidate.xlsx
CEVID-0141,Overview.,betterbuildingssolutioncenter.energy.gov,WEB_PAGE,https://betterbuildingssolutioncenter.energy.gov/solutions-at-a-glance/wendys-franchisee-carlisle-llc-improving-energy-efficiency-leading-edge-hvac,,,CURRENT,,,,INCOMPLETE,1,1.0,2026-08-18,Consolidate.xlsx
CEVID-0142,jrpsolutions.com,jrpsolutions.com,WEB_PAGE,https://www.jrpsolutions.com/case-studies/esos-energy-audit-and-compliance-1,,,CURRENT,,,,INCOMPLETE,1,1.0,2026-08-18,Consolidate.xlsx
CEVID-0143,freeths.co.uk,freeths.co.uk,WEB_PAGE,https://www.freeths.co.uk/insights-events/legal-articles/2025/compliance-and-enforcement-of-the-energy-savings-opportunity-scheme/,,,CURRENT,,,,INCOMPLETE,1,1.0,2026-08-18,Consolidate.xlsx
CEVID-0144,assets.publishing.service.gov.uk,assets.publishing.service.gov.uk,PDF,https://assets.publishing.service.gov.uk/media/5a7eb7a9e5274a2e87db1746/ESOS__Analysis_of_the_Potential_for_Energy_Savings_from_Audits_FINAL.pdf,,,CURRENT,,,,INCOMPLETE,2,1.0,2026-08-18,Consolidate.xlsx
CEVID-0145,carbontrust.com,carbontrust.com,WEB_PAGE,https://www.carbontrust.com/our-work-and-impact/guides-reports-and-tools/industrial-energy-efficiency-contract-catering-sector,,,CURRENT,,,,INCOMPLETE,1,1.0,2026-08-18,Consolidate.xlsx
CEVID-0146,heatable.co.uk,heatable.co.uk,WEB_PAGE,https://heatable.co.uk/battery-storage/advice/commercial-battery-storage,,,CURRENT,,,,INCOMPLETE,2,1.0,2026-08-18,Consolidate.xlsx
CEVID-0147,edie.net,edie.net,WEB_PAGE,https://www.edie.net/premier-inn-installs-uks-first-hotel-based-energy-storage-unit/,,,CURRENT,,,,INCOMPLETE,1,1.0,2026-08-18,Consolidate.xlsx
CEVID-0148,gridcog.com,gridcog.com,WEB_PAGE,https://www.gridcog.com/blog/the-economics-of-behind-the-meter-battery-storage-part-1-reducing-your-energy-bill,,,CURRENT,,,,INCOMPLETE,1,1.0,2026-08-18,Consolidate.xlsx
CEVID-0149,sciencedirect.com,sciencedirect.com,WEB_PAGE,https://www.sciencedirect.com/science/article/pii/S0360132326006281,,,CURRENT,,,,INCOMPLETE,3,1.0,2026-08-18,Consolidate.xlsx
CEVID-0150,savemoneycutcarbon.com,savemoneycutcarbon.com,WEB_PAGE,https://www.savemoneycutcarbon.com/project/greene-king-distribution-centre/,,,CURRENT,,,,INCOMPLETE,2,1.0,2026-08-18,Consolidate.xlsx
CEVID-0151,assets.publishing.service.gov.uk,assets.publishing.service.gov.uk,PDF,https://assets.publishing.service.gov.uk/media/6846b0870392ed9b784c0187/2025-GHG-CF-methodology-paper.pdf,,,CURRENT,,,,INCOMPLETE,3,1.0,2026-08-18,Consolidate.xlsx
CEVID-0152,businessclimatehub.uk,businessclimatehub.uk,WEB_PAGE,https://businessclimatehub.uk/save-on-lighting/,,,CURRENT,,,,INCOMPLETE,1,1.0,2026-08-18,Consolidate.xlsx
CEVID-0153,energycut.com.au,energycut.com.au,PDF,https://energycut.com.au/business/wp-content/uploads/2015/02/Carbon-Trust-Heat-Recovery.pdf,,,CURRENT,,,,INCOMPLETE,3,1.0,2026-08-18,Consolidate.xlsx
CEVID-0154,doi.org,doi.org,WEB_PAGE,https://doi.org/10.3390/w15203646,,,CURRENT,,,,INCOMPLETE,2,1.0,2026-08-18,Consolidate.xlsx
CEVID-0155,cibsejournal.com,cibsejournal.com,WEB_PAGE,https://www.cibsejournal.com/general/a-winning-formula-cibse-product-of-the-year-endotherm/,,,CURRENT,,,,INCOMPLETE,3,1.0,2026-08-18,Consolidate.xlsx
CEVID-0156,pacesolutions.com,pacesolutions.com,WEB_PAGE,https://pacesolutions.com/endotherm-saves-energy-at-a-large-university/,,,CURRENT,,,,INCOMPLETE,1,1.0,2026-08-18,Consolidate.xlsx
CEVID-0157,assets.publishing.service.gov.uk,assets.publishing.service.gov.uk,PDF,https://assets.publishing.service.gov.uk/media/6a4243767ac6fd9c6a94aadc/quarterly-energy-prices-june-2026.pdf,,,CURRENT,,,,INCOMPLETE,3,1.0,2026-08-18,Consolidate.xlsx
CEVID-0158,energy-uk.org.uk,energy-uk.org.uk,WEB_PAGE,https://www.energy-uk.org.uk/publications/reducing-non-domestic-electricity-policy-costs-to-drive-economic-growth/,,,CURRENT,,,,INCOMPLETE,2,1.0,2026-08-18,Consolidate.xlsx
CEVID-0159,cdn.whitbread.co.uk,cdn.whitbread.co.uk,PDF,https://cdn.whitbread.co.uk/media/2025/05/Whitbread-PLC-Environmental-Social-and-Governance-Report-2024-25.pdf,,,CURRENT,,,,INCOMPLETE,1,1.0,2026-08-18,Consolidate.xlsx
CEVID-0160,cdn.whitbread.co.uk,cdn.whitbread.co.uk,PDF,https://cdn.whitbread.co.uk/media/2026/05/Whitbread-PLC-Sustainability-Report-2025_26.pdf,,,CURRENT,,,,INCOMPLETE,11,1.0,2026-08-18,Consolidate.xlsx
CEVID-0161,mypubsupport.co.uk,mypubsupport.co.uk,PDF,https://mypubsupport.co.uk/public/CJRow2kLo4dgcsrMLDeHkIsV8kUPXrn8/BBPA_Energy+Saving_Cellar.pdf,,,CURRENT,,,,INCOMPLETE,2,1.0,2026-08-18,Consolidate.xlsx
CEVID-0162,beertechuk.com,beertechuk.com,WEB_PAGE,https://www.beertechuk.com/smartcellar/,,,CURRENT,,,,INCOMPLETE,1,1.0,2026-08-18,Consolidate.xlsx
CEVID-0163,kbrenergysaver.com,kbrenergysaver.com,WEB_PAGE,https://kbrenergysaver.com/2024/09/06/greene-king/,,,CURRENT,,,,INCOMPLETE,1,1.0,2026-08-18,Consolidate.xlsx
CEVID-0164,punchpubs.com,punchpubs.com,WEB_PAGE,https://www.punchpubs.com/sustainability/planet/,,,CURRENT,,,,INCOMPLETE,2,1.0,2026-08-18,Consolidate.xlsx
CEVID-0165,morningadvertiser.co.uk,morningadvertiser.co.uk,WEB_PAGE,https://www.morningadvertiser.co.uk/Article/2025/03/21/publican-awards-finalists-2025-for-best-sustainable-pub-company/,,,CURRENT,,,,INCOMPLETE,1,1.0,2026-08-18,Consolidate.xlsx
CEVID-0166,morningadvertiser.co.uk,morningadvertiser.co.uk,WEB_PAGE,https://www.morningadvertiser.co.uk/Article/2025/05/12/marstons-installs-solar-at-120-pubs-to-secure-energy-prices/,,,CURRENT,,,,INCOMPLETE,4,1.0,2026-08-18,Consolidate.xlsx
CEVID-0167,mbplc.com,mbplc.com,WEB_PAGE,https://www.mbplc.com/sustainability/respect-for-the-planet/,,,CURRENT,,,,INCOMPLETE,1,1.0,2026-08-18,Consolidate.xlsx
CEVID-0168,mbplc.com,mbplc.com,WEB_PAGE,https://www.mbplc.com/investors/reports-results/,,,CURRENT,,,,INCOMPLETE,2,1.0,2026-08-18,Consolidate.xlsx
CEVID-0169,sciencedirect.com,sciencedirect.com,WEB_PAGE,https://www.sciencedirect.com/science/article/abs/pii/S037877881734094X,,,CURRENT,,,,INCOMPLETE,1,1.0,2026-08-18,Consolidate.xlsx
CEVID-0170,sciencedirect.com,sciencedirect.com,WEB_PAGE,https://www.sciencedirect.com/science/article/abs/pii/S0378778821006009,,,CURRENT,,,,INCOMPLETE,2,1.0,2026-08-18,Consolidate.xlsx
CEVID-0171,assets.publishing.service.gov.uk,assets.publishing.service.gov.uk,PDF,https://assets.publishing.service.gov.uk/government/uploads/system/uploads/attachment_data/file/185066/energy_and_emissions_reduction_case_studies.pdf,,,CURRENT,,,,INCOMPLETE,4,1.0,2026-08-18,Consolidate.xlsx
CEVID-0172,betterbuildingspartnership.co.uk,betterbuildingspartnership.co.uk,WEB_PAGE,https://www.betterbuildingspartnership.co.uk/responsible-property-management-toolkit/energy/gn-45-energy-consumption-profile,,,CURRENT,,,,INCOMPLETE,2,1.0,2026-08-18,Consolidate.xlsx
CEVID-0173,solarinfo.uk,solarinfo.uk,WEB_PAGE,https://www.solarinfo.uk/commercial-solar/hospitality,,,CURRENT,,,,INCOMPLETE,2,1.0,2026-08-18,Consolidate.xlsx
CEVID-0174,staustellbrewery.co.uk,staustellbrewery.co.uk,WEB_PAGE,https://staustellbrewery.co.uk/about-us/our-blog/brewery-puts-future-first-with-installation-of-extra-600-solar-panels,,,CURRENT,,,,INCOMPLETE,2,1.0,2026-08-18,Consolidate.xlsx
CEVID-0175,powerhub.solutions,powerhub.solutions,WEB_PAGE,https://powerhub.solutions/what-is-voltage-optimisation/,,,CURRENT,,,,INCOMPLETE,1,1.0,2026-08-18,Consolidate.xlsx
CEVID-0176,publications.parliament.uk,publications.parliament.uk,WEB_PAGE,https://publications.parliament.uk/pa/cm201314/cmselect/cmenergy/142/142vw12.htm,,,CURRENT,,,,INCOMPLETE,1,1.0,2026-08-18,Consolidate.xlsx
CEVID-0177,pandct.com,pandct.com,WEB_PAGE,https://www.pandct.com/news/getting-started-with-voltage-optimisation-the-energy-saving-technology-youre-not-totally-aware-of,,,CURRENT,,,,INCOMPLETE,2,1.0,2026-08-18,Consolidate.xlsx
CEVID-0178,ncm-pcdb.org.uk,ncm-pcdb.org.uk,PDF,https://www.ncm-pcdb.org.uk/sap/filelibrary/pdf/Principle%20Papers/SAP_Principle_paper_-_Energy_savings_from_voltage_optimisers_-_V2.0.pdf,,,CURRENT,,,,INCOMPLETE,1,1.0,2026-08-18,Consolidate.xlsx
CEVID-0179,gov.uk,gov.uk,WEB_PAGE,https://www.gov.uk/government/publications/contracts-for-difference-cfd-allocation-round-7-results,,,CURRENT,,,,INCOMPLETE,1,1.0,2026-08-18,Consolidate.xlsx
CEVID-0180,assets.publishing.service.gov.uk,assets.publishing.service.gov.uk,PDF,https://assets.publishing.service.gov.uk/media/698a0dc06da2dee8230a9c3a/contracts-for-difference-AR7a.pdf,,,CURRENT,,,,INCOMPLETE,1,1.0,2026-08-18,Consolidate.xlsx
CEVID-0181,edfenergy.com,edfenergy.com,WEB_PAGE,https://www.edfenergy.com/media-centre/edf-and-whitbread-group-plc-agree-3-year-clean-renewable-energy-partnership,,,CURRENT,,,,INCOMPLETE,1,1.0,2026-08-18,Consolidate.xlsx
CEVID-0182,renewabl.com,renewabl.com,WEB_PAGE,https://www.renewabl.com/post/ppas-explained-the-complete-guide-to-power-purchase-agreements,,,CURRENT,,,,INCOMPLETE,1,1.0,2026-08-18,Consolidate.xlsx
CEVID-0183,assets.publishing.service.gov.uk,assets.publishing.service.gov.uk,PDF,https://assets.publishing.service.gov.uk/media/69aedeaf6827004e30b8a56e/T-1-2025-for-delivery-2026-27-auction-monitor-report.pdf,,,CURRENT,,,,INCOMPLETE,1,1.0,2026-08-18,Consolidate.xlsx
CEVID-0184,energy-uk.org.uk,energy-uk.org.uk,WEB_PAGE,https://www.energy-uk.org.uk/publications/energy-uk-explains-capacity-market-auction-results/,,,CURRENT,,,,INCOMPLETE,2,1.0,2026-08-18,Consolidate.xlsx
CEVID-0185,irgc.org,irgc.org,PDF,https://irgc.org/wp-content/uploads/2018/09/Curtis-Demand-Response-2015.pdf,,,CURRENT,,,,INCOMPLETE,2,1.0,2026-08-18,Consolidate.xlsx
CEVID-0186,carbontrust.com,carbontrust.com,WEB_PAGE,https://www.carbontrust.com/our-work-and-impact/guides-reports-and-tools/low-carbon-behaviour-change-the-ps300-million-opportunity,,,CURRENT,,,,INCOMPLETE,3,1.0,2026-08-18,Consolidate.xlsx
CEVID-0187,mdpi.com,mdpi.com,WEB_PAGE,https://www.mdpi.com/1996-1073/14/20/6523,,,CURRENT,,,,INCOMPLETE,1,1.0,2026-08-18,Consolidate.xlsx
CEVID-0188,sciencedirect.com,sciencedirect.com,WEB_PAGE,https://www.sciencedirect.com/science/article/pii/S2214629616300627,,,CURRENT,,,,INCOMPLETE,1,1.0,2026-08-18,Consolidate.xlsx
CEVID-0189,smsenergy.com,smsenergy.com,WEB_PAGE,https://www.smsenergy.com/about-us/case-studies/,,,CURRENT,,,,INCOMPLETE,1,1.0,2026-08-18,Consolidate.xlsx
CEVID-0190,stonegategroup.co.uk,stonegategroup.co.uk,WEB_PAGE,https://www.stonegategroup.co.uk/press/uks-largest-pub-company-removes-over-90000-single-use-bottles-from-its-waste-stream-as-part-of-circular-economy-drive/,,,CURRENT,,,,INCOMPLETE,1,1.0,2026-08-18,Consolidate.xlsx
CEVID-0191,link.springer.com,link.springer.com,WEB_PAGE,https://link.springer.com/article/10.1007/s12053-014-9261-y,,,CURRENT,,,,INCOMPLETE,1,1.0,2026-08-18,Consolidate.xlsx
CEVID-0192,gordonsllp.com,gordonsllp.com,WEB_PAGE,https://www.gordonsllp.com/mees-epcs-commercial-property/,,,CURRENT,,,,INCOMPLETE,1,1.0,2026-08-18,Consolidate.xlsx
CEVID-0193,coventry.gov.uk,coventry.gov.uk,WEB_PAGE,https://www.coventry.gov.uk/trading-standards/minimum-energy-efficiency-standards-mees-regulations-2015-non-domestic/print,,,CURRENT,,,,INCOMPLETE,1,1.0,2026-08-18,Consolidate.xlsx
CEVID-0194,bclplaw.com,bclplaw.com,WEB_PAGE,https://www.bclplaw.com/en-US/events-insights-news/non-domestic-mees-government-confirms-epc-b-target-for-larger-commercial-buildings.html,,,CURRENT,,,,INCOMPLETE,1,1.0,2026-08-18,Consolidate.xlsx
CEVID-0195,gov.uk,gov.uk,WEB_PAGE,https://www.gov.uk/government/consultations/non-domestic-private-rented-sector-minimum-energy-efficiency-standards-epc-b-implementation/outcome/minimum-energy-efficiency-standards-mees-in-the-non-domestic-private-rented-sector-interim-response,,,CURRENT,,,,INCOMPLETE,2,1.0,2026-08-18,Consolidate.xlsx
CEVID-0196,sciencedirect.com,sciencedirect.com,WEB_PAGE,https://www.sciencedirect.com/science/article/abs/pii/S2352710225005960,,,CURRENT,,,,INCOMPLETE,3,1.0,2026-08-18,Consolidate.xlsx
CEVID-0197,assets.publishing.service.gov.uk,assets.publishing.service.gov.uk,PDF,https://assets.publishing.service.gov.uk/media/697876793fd50ac304b7979b/heat-network-zoning-proposals-overview-slidedeck.pdf,,,CURRENT,,,,INCOMPLETE,1,1.0,2026-08-18,Consolidate.xlsx
CEVID-0198,assets.publishing.service.gov.uk,assets.publishing.service.gov.uk,PDF,https://assets.publishing.service.gov.uk/media/6970ad6dec1d126584b9ef20/heat-network-zoning-government-response-to-2023-consultation.pdf,,,CURRENT,,,,INCOMPLETE,1,1.0,2026-08-18,Consolidate.xlsx
CEVID-0199,greengas.org.uk,greengas.org.uk,WEB_PAGE,https://www.greengas.org.uk/certificates/additionality,,,CURRENT,,,,INCOMPLETE,1,1.0,2026-08-18,Consolidate.xlsx
CEVID-0200,greengas.org.uk,greengas.org.uk,WEB_PAGE,https://www.greengas.org.uk/news/sbti-faq-on-market-based-reporting,,,CURRENT,,,,INCOMPLETE,1,1.0,2026-08-18,Consolidate.xlsx
CEVID-0201,ghgprotocol.org,ghgprotocol.org,WEB_PAGE,https://ghgprotocol.org/blog/interim-update-accounting-biomethane-certificates,,,CURRENT,,,,INCOMPLETE,1,1.0,2026-08-18,Consolidate.xlsx
CEVID-0202,eadt.co.uk,eadt.co.uk,WEB_PAGE,https://www.eadt.co.uk/news/26167278.suffolk-food-waste-deal-reydon-plant-plan-collapses/,,,CURRENT,,,,INCOMPLETE,1,1.0,2026-08-18,Consolidate.xlsx
CEVID-0203,greengas.org.uk,greengas.org.uk,WEB_PAGE,https://www.greengas.org.uk/certificates,,,CURRENT,,,,INCOMPLETE,1,1.0,2026-08-18,Consolidate.xlsx
CEVID-0204,aceee.org,aceee.org,PDF,https://www.aceee.org/files/proceedings/2013/data/papers/5_030.pdf,,,CURRENT,,,,INCOMPLETE,2,1.0,2026-08-18,Consolidate.xlsx
CEVID-0205,eta.lbl.gov,eta.lbl.gov,WEB_PAGE,https://eta.lbl.gov/news/57582/superior-energy-performance-pro,,,CURRENT,,,,INCOMPLETE,1,1.0,2026-08-18,Consolidate.xlsx
CEVID-0206,50001ready.lbl.gov,50001ready.lbl.gov,WEB_PAGE,https://50001ready.lbl.gov/,,,CURRENT,,,,INCOMPLETE,1,1.0,2026-08-18,Consolidate.xlsx
CEVID-0207,iso.org,iso.org,PDF,https://www.iso.org/iso/iso_50001_energy_management_systems.pdf,,,CURRENT,,,,INCOMPLETE,1,1.0,2026-08-18,Consolidate.xlsx
CEVID-0208,energyadvicehub.org,energyadvicehub.org,WEB_PAGE,https://energyadvicehub.org/carbon-reduction-glossary/power-factor-correction/,,,CURRENT,,,,INCOMPLETE,3,1.0,2026-08-18,Consolidate.xlsx
CEVID-0209,beama.org.uk,beama.org.uk,PDF,https://www.beama.org.uk/static/uploaded/080037a7-4dd8-4776-a6a5abb0988269ba.pdf,,,CURRENT,,,,INCOMPLETE,1,1.0,2026-08-18,Consolidate.xlsx
CEVID-0210,beama.org.uk,beama.org.uk,PDF,https://www.beama.org.uk/static/uploaded/efbbfc81-0d8f-4947-9bde5b5a3366d1b4.pdf,,,CURRENT,,,,INCOMPLETE,1,1.0,2026-08-18,Consolidate.xlsx
CEVID-0211,powerquality.blog,powerquality.blog,WEB_PAGE,https://powerquality.blog/2022/03/18/power-factor-correction-estimating-financial-savings/,,,CURRENT,,,,INCOMPLETE,1,1.0,2026-08-18,Consolidate.xlsx
CEVID-0212,files.bregroup.com,files.bregroup.com,PDF,https://files.bregroup.com/breeam/briefingpapers/Delivering-Sustainable-Buildings-Savings-and-Payback-Office-Case-Study-BREEAM-NC-2018_BREEAM_BRE_115359_BriefingPaper.pdf,,,CURRENT,,,,INCOMPLETE,1,1.0,2026-08-18,Consolidate.xlsx
CEVID-0213,files.bregroup.com,files.bregroup.com,PDF,https://files.bregroup.com/breeam/briefingpapers/BREEAM-Briefing-Paper----The-Value-of-BREEAM--November-2016----123864.pdf,,,CURRENT,,,,INCOMPLETE,2,1.0,2026-08-18,Consolidate.xlsx
CEVID-0214,Source,sciencedirect.com,WEB_PAGE,https://www.sciencedirect.com/science/article/abs/pii/S0165410124000843,,,CURRENT,,,,INCOMPLETE,4,1.0,2026-08-18,Consolidate.xlsx
CEVID-0215,Source,sciencedirect.com,WEB_PAGE,https://www.sciencedirect.com/science/article/abs/pii/S0301479726008613,,,CURRENT,,,,INCOMPLETE,4,1.0,2026-08-18,Consolidate.xlsx
CEVID-0216,time.com,time.com,WEB_PAGE,https://time.com/collections/time100-climate-2024/7172407/ellen-jackowski/,,,CURRENT,,,,INCOMPLETE,4,1.0,2026-08-18,Consolidate.xlsx
CEVID-0217,Source,onlinelibrary.wiley.com,WEB_PAGE,https://onlinelibrary.wiley.com/doi/10.1002/bse.4332,,,CURRENT,,,,INCOMPLETE,4,1.0,2026-08-18,Consolidate.xlsx
CEVID-0218,Source,corporate.marksandspencer.com,WEB_PAGE,https://corporate.marksandspencer.com/newsroom/blog/reflections-plan-progress,,,CURRENT,,,,INCOMPLETE,8,1.0,2026-08-18,Consolidate.xlsx
CEVID-0219,Source,sse.com,WEB_PAGE,https://www.sse.com/news-and-views/2022/06/enhancing-climate-engagement-with-shareholders/,,,CURRENT,,,,INCOMPLETE,4,1.0,2026-08-18,Consolidate.xlsx
CEVID-0220,Source,stories.hilton.com,WEB_PAGE,https://stories.hilton.com/releases/hilton-celebrates-strong-year-of-positive-environmental-and-social-impact-recognized-for-seventh-consecutive-year-on-dow-jones-sustainability-indices,,,CURRENT,,,,INCOMPLETE,4,1.0,2026-08-18,Consolidate.xlsx
CEVID-0221,Source,publications.aaahq.org,WEB_PAGE,https://publications.aaahq.org/accounting-review/article-abstract/91/6/1697/3898/Corporate-Sustainability-First-Evidence-on?redirectedFrom=fulltext,,,CURRENT,,,,INCOMPLETE,4,1.0,2026-08-18,Consolidate.xlsx
CEVID-0222,Source,ghgprotocol.org,WEB_PAGE,https://ghgprotocol.org/corporate-standard,,,CURRENT,,,,INCOMPLETE,8,1.0,2026-08-18,Consolidate.xlsx
CEVID-0223,Source,accountingforsustainability.org,WEB_PAGE,https://www.accountingforsustainability.org/en/knowledge-hub/case-studies/sse-tcfd.html,,,CURRENT,,,,INCOMPLETE,4,1.0,2026-08-18,Consolidate.xlsx
CEVID-0224,Source,online.flippingbook.com,WEB_PAGE,https://online.flippingbook.com/view/129876575/27/,,,CURRENT,,,,INCOMPLETE,4,1.0,2026-08-18,Consolidate.xlsx
CEVID-0225,Source,corporate.marksandspencer.com,PDF,https://corporate.marksandspencer.com/sites/marksandspencer/files/2025-05/Marks-and-Spencer-Group-plc-ESG-Report-2025.pdf,,,CURRENT,,,,INCOMPLETE,4,1.0,2026-08-18,Consolidate.xlsx
CEVID-0226,Source,sciencebasedtargets.org,WEB_PAGE,https://sciencebasedtargets.org/news/9-in-10-companies-say-science-based-targets-deliver-positive-business-impact,,,CURRENT,,,,INCOMPLETE,4,1.0,2026-08-18,Consolidate.xlsx
CEVID-0227,Source,britishland.com,WEB_PAGE,https://www.britishland.com/news/british-land-sets-out-pathway-to-net-zero-carbon/,,,CURRENT,,,,INCOMPLETE,4,1.0,2026-08-18,Consolidate.xlsx
CEVID-0228,Source,london.gov.uk,WEB_PAGE,https://www.london.gov.uk/programmes-strategies/environment-and-climate-change/net-zero-energy/zero-carbon-accelerator/refit/success-story-university-west-london,,,CURRENT,,,,INCOMPLETE,4,1.0,2026-08-18,Consolidate.xlsx
CEVID-0229,Source,sciencebasedtargets.org,WEB_PAGE,https://sciencebasedtargets.org/blog/what-does-the-net-zero-standard-mean-for-science-based-targets,,,CURRENT,,,,INCOMPLETE,4,1.0,2026-08-18,Consolidate.xlsx
CEVID-0230,Source,sciencedirect.com,WEB_PAGE,https://www.sciencedirect.com/science/article/abs/pii/S026151771830205X,,,CURRENT,,,,INCOMPLETE,4,1.0,2026-08-18,Consolidate.xlsx
CEVID-0231,doee.dc.gov,doee.dc.gov,WEB_PAGE,https://doee.dc.gov/page/case-study-monaco-washington-dc,,,CURRENT,,,,INCOMPLETE,4,1.0,2026-08-18,Consolidate.xlsx
CEVID-0232,Source,sciencedirect.com,WEB_PAGE,https://www.sciencedirect.com/science/article/abs/pii/S030147972030712X,,,CURRENT,,,,INCOMPLETE,4,1.0,2026-08-18,Consolidate.xlsx
CEVID-0233,sciencedirect.com,sciencedirect.com,WEB_PAGE,https://www.sciencedirect.com/science/article/abs/pii/S0959652619311187,,,CURRENT,,,,INCOMPLETE,4,1.0,2026-08-18,Consolidate.xlsx
CEVID-0234,Source,smartpension.co.uk,WEB_PAGE,https://www.smartpension.co.uk/news-and-insights/default-growth-fund-emissions,,,CURRENT,,,,INCOMPLETE,4,1.0,2026-08-18,Consolidate.xlsx
CEVID-0235,smartpension.co.uk,smartpension.co.uk,WEB_PAGE,https://www.smartpension.co.uk/news-and-insights/100-sustainable-investments,,,CURRENT,,,,INCOMPLETE,4,1.0,2026-08-18,Consolidate.xlsx
CEVID-0236,Source,sciencedirect.com,WEB_PAGE,https://www.sciencedirect.com/science/article/abs/pii/S0959652621004601,,,CURRENT,,,,INCOMPLETE,4,1.0,2026-08-18,Consolidate.xlsx
CEVID-0237,sciencedirect.com,sciencedirect.com,WEB_PAGE,https://www.sciencedirect.com/science/article/abs/pii/S0959652617325568,,,CURRENT,,,,INCOMPLETE,4,1.0,2026-08-18,Consolidate.xlsx
CEVID-0238,Source,sciencedirect.com,WEB_PAGE,https://www.sciencedirect.com/org/science/article/abs/pii/S0972798125000213,,,CURRENT,,,,INCOMPLETE,4,1.0,2026-08-18,Consolidate.xlsx
CEVID-0239,sciencedirect.com,sciencedirect.com,WEB_PAGE,https://www.sciencedirect.com/science/article/abs/pii/S0278431919307996,,,CURRENT,,,,INCOMPLETE,4,1.0,2026-08-18,Consolidate.xlsx
CEVID-0240,Source,sciencedirect.com,WEB_PAGE,https://www.sciencedirect.com/science/article/pii/S1470160X2301631X,,,CURRENT,,,,INCOMPLETE,4,1.0,2026-08-18,Consolidate.xlsx
CEVID-0241,link.springer.com,link.springer.com,WEB_PAGE,https://link.springer.com/article/10.1007/s10551-024-05762-4,,,CURRENT,,,,INCOMPLETE,4,1.0,2026-08-18,Consolidate.xlsx
CEVID-0242,Source,frontiersin.org,WEB_PAGE,https://www.frontiersin.org/journals/environmental-science/articles/10.3389/fenvs.2026.1907357/full,,,CURRENT,,,,INCOMPLETE,4,1.0,2026-08-18,Consolidate.xlsx
CEVID-0243,gov.uk,gov.uk,WEB_PAGE,https://www.gov.uk/government/consultations/climate-related-transition-plan-requirements/transition-plan-requirements-implementation-routes-accessible-webpage,,,CURRENT,,,,INCOMPLETE,4,1.0,2026-08-18,Consolidate.xlsx
CEVID-0244,Source,ifrs.org,WEB_PAGE,https://www.ifrs.org/issued-standards/ifrs-sustainability-standards-navigator/ifrs-s2-climate-related-disclosures/,,,CURRENT,,,,INCOMPLETE,4,1.0,2026-08-18,Consolidate.xlsx
CEVID-0245,Source,gov.uk,WEB_PAGE,https://www.gov.uk/government/publications/environmental-reporting-guidelines-including-mandatory-greenhouse-gas-emissions-reporting-guidance,,,CURRENT,,,,INCOMPLETE,4,1.0,2026-08-18,Consolidate.xlsx
CEVID-0246,Source,iso.org,WEB_PAGE,https://www.iso.org/news/2026/04/iso-14001-2026-published,,,CURRENT,,,,INCOMPLETE,4,1.0,2026-08-18,Consolidate.xlsx
CEVID-0247,Source,greenkey.global,WEB_PAGE,https://www.greenkey.global/criteria,,,CURRENT,,,,INCOMPLETE,3,1.0,2026-08-18,Consolidate.xlsx
CEVID-0248,greenkey.global,greenkey.global,WEB_PAGE,https://www.greenkey.global/application-process,,,CURRENT,,,,INCOMPLETE,3,1.0,2026-08-18,Consolidate.xlsx
CEVID-0249,Source,packagingeurope.com,WEB_PAGE,https://packagingeurope.com/news/nestle-gives-update-on-sustainable-packaging-progress/10566.article,,,CURRENT,,,,INCOMPLETE,4,1.0,2026-08-18,Consolidate.xlsx
CEVID-0250,Source,tescoplc.com,WEB_PAGE,https://www.tescoplc.com/tesco-removes-one-billion-pieces-of-plastic/,,,CURRENT,,,,INCOMPLETE,4,1.0,2026-08-18,Consolidate.xlsx
CEVID-0251,Source,relondon.gov.uk,WEB_PAGE,https://relondon.gov.uk/resources/case-study-top-cuvee-refillable-wine-drop-by-drop,,,CURRENT,,,,INCOMPLETE,4,1.0,2026-08-18,Consolidate.xlsx
CEVID-0252,Source,tandfonline.com,WEB_PAGE,https://www.tandfonline.com/doi/full/10.1080/19397038.2021.1920644,,,CURRENT,,,,INCOMPLETE,4,1.0,2026-08-18,Consolidate.xlsx
CEVID-0253,Source,ihgplc.com,WEB_PAGE,https://www.ihgplc.com/en/news-and-media/news-releases/2019/end-of-the-road-for-bathroom-miniatures-as-ihg-opts-for-bulk-size--amenities-to-reduce-plastic-waste,,,CURRENT,,,,INCOMPLETE,4,1.0,2026-08-18,Consolidate.xlsx
CEVID-0254,Source,wrap.ngo,WEB_PAGE,https://www.wrap.ngo/resources/report/uk-plastics-pact-annual-report-2023/uk-plastics-pact-case-studies,,,CURRENT,,,,INCOMPLETE,4,1.0,2026-08-18,Consolidate.xlsx
CEVID-0255,Source,carbontrust.com,WEB_PAGE,https://www.carbontrust.com/news-and-insights/news/uk-catering-industry-missing-out-on-more-than-a-quarter-of-a-billion-pounds-in-energy-savings-every-year-warns-the-carbon-trust,,,CURRENT,,,,INCOMPLETE,4,1.0,2026-08-18,Consolidate.xlsx
CEVID-0256,Source,signify.com,WEB_PAGE,https://www.signify.com/en-in/our-company/news/press-release-archive/2015/20150416-Philips-provides-Light-as-a-Service-to-Schiphol-Airport,,,CURRENT,,,,INCOMPLETE,4,1.0,2026-08-18,Consolidate.xlsx
CEVID-0257,Source,wrap.ngo,WEB_PAGE,https://www.wrap.ngo/resources/case-study/crown-workspace-ltd-leading-way-office-furniture-reuse,,,CURRENT,,,,INCOMPLETE,4,1.0,2026-08-18,Consolidate.xlsx
CEVID-0258,Source,sustainableict.blog.gov.uk,WEB_PAGE,https://sustainableict.blog.gov.uk/2026/02/18/how-were-making-technology-procurement-more-sustainable/,,,CURRENT,,,,INCOMPLETE,4,1.0,2026-08-18,Consolidate.xlsx
CEVID-0259,Source,uk.fsc.org,WEB_PAGE,https://uk.fsc.org/packaging,,,CURRENT,,,,INCOMPLETE,4,1.0,2026-08-18,Consolidate.xlsx
CEVID-0260,Source,pciaw.org,WEB_PAGE,https://pciaw.org/hilton-london-metropole-hotel-the-sustainable-venue-of-pciaw-summit-awards/,,,CURRENT,,,,INCOMPLETE,4,1.0,2026-08-18,Consolidate.xlsx
CEVID-0261,Source,environment.ec.europa.eu,WEB_PAGE,https://environment.ec.europa.eu/topics/circular-economy-topics/eu-ecolabel/product-groups-and-criteria/cleaning_en,,,CURRENT,,,,INCOMPLETE,4,1.0,2026-08-18,Consolidate.xlsx
CEVID-0262,Source,gca.gov.uk,WEB_PAGE,https://www.gca.gov.uk/news/casestudy-leeds-city-council-becoming-the-best-with-less,,,CURRENT,,,,INCOMPLETE,4,1.0,2026-08-18,Consolidate.xlsx
CEVID-0263,Source,tescoplc.com,WEB_PAGE,https://www.tescoplc.com/sustainability/planet/protecting-nature/climate-change,,,CURRENT,,,,INCOMPLETE,4,1.0,2026-08-18,Consolidate.xlsx
CEVID-0264,Source,msc.org,WEB_PAGE,https://www.msc.org/en-au/media-centre-anz/media-releases/press-release/premier-inn-sets-fish-friendly-world-record-with-3-million-portions-of-sustainable-fish-and-chips,,,CURRENT,,,,INCOMPLETE,4,1.0,2026-08-18,Consolidate.xlsx
CEVID-0265,Source,greeneking.co.uk,WEB_PAGE,https://www.greeneking.co.uk/newsroom/net-zero-journey,,,CURRENT,,,,INCOMPLETE,4,1.0,2026-08-18,Consolidate.xlsx
CEVID-0266,Source,foodbuy.co.uk,WEB_PAGE,https://www.foodbuy.co.uk/news/foodbuy-group-brings-together-purpose-led-suppliers-through-pitch-social-event/,,,CURRENT,,,,INCOMPLETE,4,1.0,2026-08-18,Consolidate.xlsx
CEVID-0267,Source,planet.levy.co.uk,WEB_PAGE,https://planet.levy.co.uk/,,,CURRENT,,,,INCOMPLETE,4,1.0,2026-08-18,Consolidate.xlsx
CEVID-0268,Source,shakeshack.co.uk,WEB_PAGE,https://www.shakeshack.co.uk/2026/06/09/one-year-of-wildfarmed/,,,CURRENT,,,,INCOMPLETE,4,1.0,2026-08-18,Consolidate.xlsx
CEVID-0269,Source,wri.org,WEB_PAGE,https://www.wri.org/insights/its-all-name-how-boost-sales-plant-based-menu-items,,,CURRENT,,,,INCOMPLETE,4,1.0,2026-08-18,Consolidate.xlsx
CEVID-0270,Source,levy.co.uk,PDF,https://levy.co.uk/media/2akmcybi/levy_climate_impact_report_nov2025-min.pdf,,,CURRENT,,,,INCOMPLETE,4,1.0,2026-08-18,Consolidate.xlsx
CEVID-0271,Source,winnowsolutions.com,WEB_PAGE,https://www.winnowsolutions.com/mgm-macau-cuts-food-waste-29-with-winnow-food-waste-management-system?hsLang=en,,,CURRENT,,,,INCOMPLETE,4,1.0,2026-08-18,Consolidate.xlsx
CEVID-0272,Source,winnowsolutions.com,WEB_PAGE,https://www.winnowsolutions.com/lisbon-marriott-cuts-food-waste-by-50-with-winnows-ai-system?hsLang=en,,,CURRENT,,,,INCOMPLETE,4,1.0,2026-08-18,Consolidate.xlsx
CEVID-0273,Source,whitbread.co.uk,WEB_PAGE,https://www.whitbread.co.uk/sustainability/responsibility/responsible-sourcing/,,,CURRENT,,,,INCOMPLETE,24,1.0,2026-08-18,Consolidate.xlsx
CEVID-0274,Source,sciencebasedtargets.org,WEB_PAGE,https://sciencebasedtargets.org/standards-and-guidance,,,CURRENT,,,,INCOMPLETE,8,1.0,2026-08-18,Consolidate.xlsx
CEVID-0275,Source,sciencebasedtargets.org,WEB_PAGE,https://sciencebasedtargets.org/blog/new-supplier-engagement-guidance-unlocking-the-power-of-supply-chains-for-decarbonization,,,CURRENT,,,,INCOMPLETE,12,1.0,2026-08-18,Consolidate.xlsx
CEVID-0276,Source,sciencebasedtargets.org,WEB_PAGE,https://sciencebasedtargets.org/news/supply-change-sbti-launches-cop-call-to-action,,,CURRENT,,,,INCOMPLETE,12,1.0,2026-08-18,Consolidate.xlsx
CEVID-0277,Source,ghgprotocol.org,WEB_PAGE,https://ghgprotocol.org/corporate-value-chain-scope-3-standard,,,CURRENT,,,,INCOMPLETE,4,1.0,2026-08-18,Consolidate.xlsx
CEVID-0278,Source,corporate.mcdonalds.com,PDF,https://corporate.mcdonalds.com/content/dam/sites/corp/nfl/pdf/McDonalds_CDP_Response_Climate_Change_2023.pdf,,,CURRENT,,,,INCOMPLETE,4,1.0,2026-08-18,Consolidate.xlsx
CEVID-0279,Source,ros.gov.uk,WEB_PAGE,https://www.ros.gov.uk/about/publications/policy-and-guidelines/2024/green-travel-policy#two,,,CURRENT,,,,INCOMPLETE,4,1.0,2026-08-18,Consolidate.xlsx
CEVID-0280,Source,marstonspubs.co.uk,WEB_PAGE,https://www.marstonspubs.co.uk/news/marstons-ev-charging-leadership/,,,CURRENT,,,,INCOMPLETE,4,1.0,2026-08-18,Consolidate.xlsx
CEVID-0281,whitbread.co.uk,whitbread.co.uk,WEB_PAGE,https://www.whitbread.co.uk/its-electrifying-were-plugged-inn/,,,CURRENT,,,,INCOMPLETE,4,1.0,2026-08-18,Consolidate.xlsx
CEVID-0282,explorer-hotels.com,explorer-hotels.com,WEB_PAGE,https://www.explorer-hotels.com/en/angebote/climate-rate/,,,CURRENT,,,,INCOMPLETE,4,1.0,2026-08-18,Consolidate.xlsx
CEVID-0283,voltshare.co.uk,voltshare.co.uk,WEB_PAGE,https://www.voltshare.co.uk/case-studies,,,CURRENT,,,,INCOMPLETE,4,1.0,2026-08-18,Consolidate.xlsx
CEVID-0284,savemoneycutcarbon.com,savemoneycutcarbon.com,WEB_PAGE,https://www.savemoneycutcarbon.com/project/forest-holidays/,,,CURRENT,,,,INCOMPLETE,4,1.0,2026-08-18,Consolidate.xlsx
