Factor_Evidence_Map_ID,Factor_ID,Card_ID,Evidence_ID,Sort_Order,Is_Primary
FEM-0001,CCF-0002,CARD-0005,CEVID-0001,1,YES
FEM-0002,CPF-0002,CARD-0006,CEVID-0002,1,YES
FEM-0003,CTF-0002,CARD-0007,CEVID-0003,1,YES
FEM-0004,CEF-0002,CARD-0008,CEVID-0004,1,YES
FEM-0005,CEF-0002,CARD-0008,CEVID-0005,2,NO
FEM-0006,CCF-0003,CARD-0009,CEVID-0006,1,YES
FEM-0007,CCF-0003,CARD-0009,CEVID-0007,2,NO
FEM-0008,CCF-0003,CARD-0009,CEVID-0008,3,NO
FEM-0009,CCF-0003,CARD-0009,CEVID-0009,4,NO
FEM-0010,CPF-0003,CARD-0010,CEVID-0006,1,YES
FEM-0011,CPF-0003,CARD-0010,CEVID-0010,2,NO
FEM-0012,CPF-0003,CARD-0010,CEVID-0011,3,NO
FEM-0013,CTF-0003,CARD-0011,CEVID-0012,1,YES
FEM-0014,CTF-0003,CARD-0011,CEVID-0013,2,NO
FEM-0015,CTF-0003,CARD-0011,CEVID-0014,3,NO
FEM-0016,CEF-0003,CARD-0012,CEVID-0015,1,YES
FEM-0017,CEF-0003,CARD-0012,CEVID-0016,2,NO
FEM-0018,CCF-0004,CARD-0013,CEVID-0017,1,YES
FEM-0019,CCF-0004,CARD-0013,CEVID-0018,2,NO
FEM-0020,CCF-0004,CARD-0013,CEVID-0019,3,NO
FEM-0021,CPF-0004,CARD-0014,CEVID-0018,1,YES
FEM-0022,CPF-0004,CARD-0014,CEVID-0019,2,NO
FEM-0023,CTF-0004,CARD-0015,CEVID-0018,1,YES
FEM-0024,CTF-0004,CARD-0015,CEVID-0019,2,NO
FEM-0025,CEF-0004,CARD-0016,CEVID-0020,1,YES
FEM-0026,CEF-0004,CARD-0016,CEVID-0021,2,NO
FEM-0027,CEF-0004,CARD-0016,CEVID-0022,3,NO
FEM-0028,CCF-0005,CARD-0017,CEVID-0023,1,YES
FEM-0029,CCF-0005,CARD-0017,CEVID-0024,2,NO
FEM-0030,CCF-0005,CARD-0017,CEVID-0025,3,NO
FEM-0031,CCF-0005,CARD-0017,CEVID-0026,4,NO
FEM-0032,CPF-0005,CARD-0018,CEVID-0027,1,YES
FEM-0033,CPF-0005,CARD-0018,CEVID-0028,2,NO
FEM-0034,CPF-0005,CARD-0018,CEVID-0029,3,NO
FEM-0035,CTF-0005,CARD-0019,CEVID-0028,1,YES
FEM-0036,CTF-0005,CARD-0019,CEVID-0029,2,NO
FEM-0037,CEF-0005,CARD-0020,CEVID-0030,1,YES
FEM-0038,CEF-0005,CARD-0020,CEVID-0029,2,NO
FEM-0039,CEF-0005,CARD-0020,CEVID-0031,3,NO
FEM-0040,CEF-0005,CARD-0020,CEVID-0032,4,NO
FEM-0041,CCF-0006,CARD-0021,CEVID-0033,1,YES
FEM-0042,CCF-0006,CARD-0021,CEVID-0034,2,NO
FEM-0043,CCF-0006,CARD-0021,CEVID-0035,3,NO
FEM-0044,CPF-0006,CARD-0022,CEVID-0036,1,YES
FEM-0045,CPF-0006,CARD-0022,CEVID-0037,2,NO
FEM-0046,CPF-0006,CARD-0022,CEVID-0038,3,NO
FEM-0047,CPF-0006,CARD-0022,CEVID-0039,4,NO
FEM-0048,CTF-0006,CARD-0023,CEVID-0040,1,YES
FEM-0049,CTF-0006,CARD-0023,CEVID-0041,2,NO
FEM-0050,CEF-0006,CARD-0024,CEVID-0042,1,YES
FEM-0051,CEF-0006,CARD-0024,CEVID-0043,2,NO
FEM-0052,CEF-0006,CARD-0024,CEVID-0044,3,NO
FEM-0053,CCF-0007,CARD-0025,CEVID-0045,1,YES
FEM-0054,CPF-0007,CARD-0026,CEVID-0046,1,YES
FEM-0055,CPF-0007,CARD-0026,CEVID-0047,2,NO
FEM-0056,CTF-0007,CARD-0027,CEVID-0048,1,YES
FEM-0057,CTF-0007,CARD-0027,CEVID-0049,2,NO
FEM-0058,CEF-0007,CARD-0028,CEVID-0050,1,YES
FEM-0059,CEF-0007,CARD-0028,CEVID-0051,2,NO
FEM-0060,CEF-0007,CARD-0028,CEVID-0052,3,NO
FEM-0061,CCF-0008,CARD-0029,CEVID-0053,1,YES
FEM-0062,CPF-0008,CARD-0030,CEVID-0054,1,YES
FEM-0063,CTF-0008,CARD-0031,CEVID-0055,1,YES
FEM-0064,CEF-0008,CARD-0032,CEVID-0056,1,YES
FEM-0065,CCF-0009,CARD-0033,CEVID-0057,1,YES
FEM-0066,CCF-0009,CARD-0033,CEVID-0058,2,NO
FEM-0067,CPF-0009,CARD-0034,CEVID-0059,1,YES
FEM-0068,CPF-0009,CARD-0034,CEVID-0060,2,NO
FEM-0069,CPF-0009,CARD-0034,CEVID-0061,3,NO
FEM-0070,CTF-0009,CARD-0035,CEVID-0062,1,YES
FEM-0071,CEF-0009,CARD-0036,CEVID-0063,1,YES
FEM-0072,CCF-0010,CARD-0037,CEVID-0064,1,YES
FEM-0073,CCF-0010,CARD-0037,CEVID-0065,2,NO
FEM-0074,CPF-0010,CARD-0038,CEVID-0066,1,YES
FEM-0075,CPF-0010,CARD-0038,CEVID-0067,2,NO
FEM-0076,CTF-0010,CARD-0039,CEVID-0068,1,YES
FEM-0077,CEF-0010,CARD-0040,CEVID-0069,1,YES
FEM-0078,CPF-0011,CARD-0042,CEVID-0070,1,YES
FEM-0079,CPF-0011,CARD-0042,CEVID-0067,2,NO
FEM-0080,CTF-0011,CARD-0043,CEVID-0071,1,YES
FEM-0081,CEF-0011,CARD-0044,CEVID-0070,1,YES
FEM-0082,CCF-0012,CARD-0045,CEVID-0072,1,YES
FEM-0083,CPF-0012,CARD-0046,CEVID-0073,1,YES
FEM-0084,CPF-0012,CARD-0046,CEVID-0027,2,NO
FEM-0085,CTF-0012,CARD-0047,CEVID-0074,1,YES
FEM-0086,CTF-0012,CARD-0047,CEVID-0075,2,NO
FEM-0087,CEF-0012,CARD-0048,CEVID-0076,1,YES
FEM-0088,CEF-0012,CARD-0048,CEVID-0077,2,NO
FEM-0089,CCF-0013,CARD-0049,CEVID-0078,1,YES
FEM-0090,CPF-0013,CARD-0050,CEVID-0079,1,YES
FEM-0091,CPF-0013,CARD-0050,CEVID-0067,2,NO
FEM-0092,CTF-0013,CARD-0051,CEVID-0080,1,YES
FEM-0093,CTF-0013,CARD-0051,CEVID-0079,2,NO
FEM-0094,CEF-0013,CARD-0052,CEVID-0079,1,YES
FEM-0095,CCF-0014,CARD-0053,CEVID-0081,1,YES
FEM-0096,CPF-0014,CARD-0054,CEVID-0082,1,YES
FEM-0097,CTF-0014,CARD-0055,CEVID-0081,1,YES
FEM-0098,CEF-0014,CARD-0056,CEVID-0081,1,YES
FEM-0099,CCF-0015,CARD-0057,CEVID-0083,1,YES
FEM-0100,CPF-0015,CARD-0058,CEVID-0084,1,YES
FEM-0101,CTF-0015,CARD-0059,CEVID-0085,1,YES
FEM-0102,CEF-0015,CARD-0060,CEVID-0085,1,YES
FEM-0103,CEF-0016,CARD-0064,CEVID-0086,1,YES
FEM-0104,CCF-0017,CARD-0065,CEVID-0087,1,YES
FEM-0105,CPF-0017,CARD-0066,CEVID-0088,1,YES
FEM-0106,CPF-0017,CARD-0066,CEVID-0089,2,NO
FEM-0107,CTF-0017,CARD-0067,CEVID-0090,1,YES
FEM-0108,CEF-0017,CARD-0068,CEVID-0091,1,YES
FEM-0109,CCF-0018,CARD-0069,CEVID-0092,1,YES
FEM-0110,CPF-0018,CARD-0070,CEVID-0093,1,YES
FEM-0111,CPF-0018,CARD-0070,CEVID-0067,2,NO
FEM-0112,CTF-0018,CARD-0071,CEVID-0094,1,YES
FEM-0113,CEF-0018,CARD-0072,CEVID-0093,1,YES
FEM-0114,CPF-0019,CARD-0074,CEVID-0095,1,YES
FEM-0115,CPF-0019,CARD-0074,CEVID-0027,2,NO
FEM-0116,CEF-0019,CARD-0076,CEVID-0096,1,YES
FEM-0117,CCF-0020,CARD-0077,CEVID-0097,1,YES
FEM-0118,CCF-0020,CARD-0077,CEVID-0098,2,NO
FEM-0119,CCF-0020,CARD-0077,CEVID-0099,3,NO
FEM-0120,CPF-0020,CARD-0078,CEVID-0100,1,YES
FEM-0121,CTF-0020,CARD-0079,CEVID-0101,1,YES
FEM-0122,CEF-0020,CARD-0080,CEVID-0101,1,YES
FEM-0123,CEF-0021,CARD-0084,CEVID-0102,1,YES
FEM-0124,CEF-0023,CARD-0092,CEVID-0103,1,YES
FEM-0125,CPF-0024,CARD-0094,CEVID-0104,1,YES
FEM-0126,CPF-0024,CARD-0094,CEVID-0105,2,NO
FEM-0127,CEF-0024,CARD-0096,CEVID-0103,1,YES
FEM-0128,CPF-0025,CARD-0098,CEVID-0102,1,YES
FEM-0129,CTF-0025,CARD-0099,CEVID-0102,1,YES
FEM-0130,CEF-0025,CARD-0100,CEVID-0102,1,YES
FEM-0131,CPF-0026,CARD-0102,CEVID-0106,1,YES
FEM-0132,CTF-0026,CARD-0103,CEVID-0107,1,YES
FEM-0133,CEF-0026,CARD-0104,CEVID-0106,1,YES
FEM-0134,CCF-0027,CARD-0105,CEVID-0108,1,YES
FEM-0135,CCF-0027,CARD-0105,CEVID-0109,2,NO
FEM-0136,CCF-0027,CARD-0105,CEVID-0110,3,NO
FEM-0137,CCF-0027,CARD-0105,CEVID-0111,4,NO
FEM-0138,CPF-0027,CARD-0106,CEVID-0112,1,YES
FEM-0139,CPF-0027,CARD-0106,CEVID-0113,2,NO
FEM-0140,CPF-0027,CARD-0106,CEVID-0114,3,NO
FEM-0141,CPF-0027,CARD-0106,CEVID-0115,4,NO
FEM-0142,CPF-0027,CARD-0106,CEVID-0116,5,NO
FEM-0143,CTF-0027,CARD-0107,CEVID-0103,1,YES
FEM-0144,CEF-0027,CARD-0108,CEVID-0108,1,YES
FEM-0145,CEF-0027,CARD-0108,CEVID-0113,2,NO
FEM-0146,CEF-0027,CARD-0108,CEVID-0117,3,NO
FEM-0147,CEF-0027,CARD-0108,CEVID-0115,4,NO
FEM-0148,CCF-0028,CARD-0109,CEVID-0118,1,YES
FEM-0149,CCF-0028,CARD-0109,CEVID-0119,2,NO
FEM-0150,CCF-0028,CARD-0109,CEVID-0120,3,NO
FEM-0151,CCF-0028,CARD-0109,CEVID-0121,4,NO
FEM-0152,CCF-0028,CARD-0109,CEVID-0122,5,NO
FEM-0153,CPF-0028,CARD-0110,CEVID-0118,1,YES
FEM-0154,CPF-0028,CARD-0110,CEVID-0119,2,NO
FEM-0155,CPF-0028,CARD-0110,CEVID-0123,3,NO
FEM-0156,CPF-0028,CARD-0110,CEVID-0120,4,NO
FEM-0157,CPF-0028,CARD-0110,CEVID-0124,5,NO
FEM-0158,CTF-0028,CARD-0111,CEVID-0125,1,YES
FEM-0159,CEF-0028,CARD-0112,CEVID-0120,1,YES
FEM-0160,CEF-0028,CARD-0112,CEVID-0124,2,NO
FEM-0161,CEF-0028,CARD-0112,CEVID-0126,3,NO
FEM-0162,CTF-0029,CARD-0115,CEVID-0127,1,YES
FEM-0163,CEF-0029,CARD-0116,CEVID-0127,1,YES
FEM-0164,CTF-0030,CARD-0119,CEVID-0128,1,YES
FEM-0165,CEF-0030,CARD-0120,CEVID-0128,1,YES
FEM-0166,CCF-0031,CARD-0121,CEVID-0129,1,YES
FEM-0167,CCF-0031,CARD-0121,CEVID-0130,2,NO
FEM-0168,CEF-0031,CARD-0124,CEVID-0129,1,YES
FEM-0169,CEF-0031,CARD-0124,CEVID-0130,2,NO
FEM-0170,CEF-0032,CARD-0128,CEVID-0131,1,YES
FEM-0171,CEF-0032,CARD-0128,CEVID-0132,2,NO
FEM-0172,CEF-0033,CARD-0132,CEVID-0133,1,YES
FEM-0173,CEF-0034,CARD-0136,CEVID-0133,1,YES
FEM-0174,CEF-0035,CARD-0140,CEVID-0133,1,YES
FEM-0175,CCF-0036,CARD-0141,CEVID-0134,1,YES
FEM-0176,CCF-0036,CARD-0141,CEVID-0135,2,NO
FEM-0177,CCF-0036,CARD-0141,CEVID-0136,3,NO
FEM-0178,CPF-0036,CARD-0142,CEVID-0027,1,YES
FEM-0179,CPF-0036,CARD-0142,CEVID-0134,2,NO
FEM-0180,CTF-0036,CARD-0143,CEVID-0135,1,YES
FEM-0181,CTF-0036,CARD-0143,CEVID-0125,2,NO
FEM-0182,CEF-0036,CARD-0144,CEVID-0135,1,YES
FEM-0183,CEF-0036,CARD-0144,CEVID-0136,2,NO
FEM-0184,CEF-0036,CARD-0144,CEVID-0134,3,NO
FEM-0185,CEF-0037,CARD-0148,CEVID-0133,1,YES
FEM-0186,CPF-0038,CARD-0150,CEVID-0137,1,YES
FEM-0187,CPF-0038,CARD-0150,CEVID-0138,2,NO
FEM-0188,CPF-0038,CARD-0150,CEVID-0139,3,NO
FEM-0189,CPF-0038,CARD-0150,CEVID-0027,4,NO
FEM-0190,CTF-0038,CARD-0151,CEVID-0133,1,YES
FEM-0191,CEF-0038,CARD-0152,CEVID-0137,1,YES
FEM-0192,CCF-0039,CARD-0153,CEVID-0140,1,YES
FEM-0193,CPF-0039,CARD-0154,CEVID-0140,1,YES
FEM-0194,CTF-0039,CARD-0155,CEVID-0140,1,YES
FEM-0195,CEF-0039,CARD-0156,CEVID-0140,1,YES
FEM-0196,CEF-0040,CARD-0160,CEVID-0141,1,YES
FEM-0197,CCF-0041,CARD-0161,CEVID-0142,1,YES
FEM-0198,CCF-0041,CARD-0161,CEVID-0143,2,NO
FEM-0199,CPF-0041,CARD-0162,CEVID-0144,1,YES
FEM-0200,CTF-0041,CARD-0163,CEVID-0144,1,YES
FEM-0201,CEF-0041,CARD-0164,CEVID-0145,1,YES
FEM-0202,CCF-0042,CARD-0165,CEVID-0146,1,YES
FEM-0203,CPF-0042,CARD-0166,CEVID-0147,1,YES
FEM-0204,CTF-0042,CARD-0167,CEVID-0146,1,YES
FEM-0205,CEF-0042,CARD-0168,CEVID-0148,1,YES
FEM-0206,CCF-0043,CARD-0169,CEVID-0149,1,YES
FEM-0207,CCF-0043,CARD-0169,CEVID-0150,2,NO
FEM-0208,CPF-0043,CARD-0170,CEVID-0151,1,YES
FEM-0209,CTF-0043,CARD-0171,CEVID-0150,1,YES
FEM-0210,CEF-0043,CARD-0172,CEVID-0152,1,YES
FEM-0211,CCF-0044,CARD-0173,CEVID-0153,1,YES
FEM-0212,CPF-0044,CARD-0174,CEVID-0154,1,YES
FEM-0213,CPF-0044,CARD-0174,CEVID-0153,2,NO
FEM-0214,CTF-0044,CARD-0175,CEVID-0154,1,YES
FEM-0215,CEF-0044,CARD-0176,CEVID-0153,1,YES
FEM-0216,CCF-0045,CARD-0177,CEVID-0155,1,YES
FEM-0217,CPF-0045,CARD-0178,CEVID-0155,1,YES
FEM-0218,CTF-0045,CARD-0179,CEVID-0156,1,YES
FEM-0219,CEF-0045,CARD-0180,CEVID-0155,1,YES
FEM-0220,CCF-0046,CARD-0181,CEVID-0157,1,YES
FEM-0221,CCF-0046,CARD-0181,CEVID-0158,2,NO
FEM-0222,CPF-0046,CARD-0182,CEVID-0159,1,YES
FEM-0223,CPF-0046,CARD-0182,CEVID-0160,2,NO
FEM-0224,CTF-0046,CARD-0183,CEVID-0160,1,YES
FEM-0225,CEF-0046,CARD-0184,CEVID-0157,1,YES
FEM-0226,CCF-0047,CARD-0185,CEVID-0161,1,YES
FEM-0227,CCF-0047,CARD-0185,CEVID-0162,2,NO
FEM-0228,CPF-0047,CARD-0186,CEVID-0163,1,YES
FEM-0229,CPF-0047,CARD-0186,CEVID-0151,2,NO
FEM-0230,CTF-0047,CARD-0187,CEVID-0161,1,YES
FEM-0231,CEF-0047,CARD-0188,CEVID-0164,1,YES
FEM-0232,CCF-0048,CARD-0189,CEVID-0157,1,YES
FEM-0233,CCF-0048,CARD-0189,CEVID-0158,2,NO
FEM-0234,CPF-0048,CARD-0190,CEVID-0160,1,YES
FEM-0235,CTF-0048,CARD-0191,CEVID-0160,1,YES
FEM-0236,CEF-0048,CARD-0192,CEVID-0160,1,YES
FEM-0237,CCF-0049,CARD-0193,CEVID-0160,1,YES
FEM-0238,CCF-0049,CARD-0193,CEVID-0165,2,NO
FEM-0239,CPF-0049,CARD-0194,CEVID-0166,1,YES
FEM-0240,CPF-0049,CARD-0194,CEVID-0167,2,NO
FEM-0241,CTF-0049,CARD-0195,CEVID-0160,1,YES
FEM-0242,CEF-0049,CARD-0196,CEVID-0168,1,YES
FEM-0243,CCF-0050,CARD-0197,CEVID-0149,1,YES
FEM-0244,CCF-0050,CARD-0197,CEVID-0160,2,NO
FEM-0245,CPF-0050,CARD-0198,CEVID-0169,1,YES
FEM-0246,CTF-0050,CARD-0199,CEVID-0170,1,YES
FEM-0247,CEF-0050,CARD-0200,CEVID-0149,1,YES
FEM-0248,CCF-0051,CARD-0201,CEVID-0171,1,YES
FEM-0249,CCF-0051,CARD-0201,CEVID-0172,2,NO
FEM-0250,CPF-0051,CARD-0202,CEVID-0171,1,YES
FEM-0251,CPF-0051,CARD-0202,CEVID-0172,2,NO
FEM-0252,CTF-0051,CARD-0203,CEVID-0171,1,YES
FEM-0253,CEF-0051,CARD-0204,CEVID-0171,1,YES
FEM-0254,CCF-0052,CARD-0205,CEVID-0166,1,YES
FEM-0255,CCF-0052,CARD-0205,CEVID-0173,2,NO
FEM-0256,CPF-0052,CARD-0206,CEVID-0166,1,YES
FEM-0257,CPF-0052,CARD-0206,CEVID-0174,2,NO
FEM-0258,CTF-0052,CARD-0207,CEVID-0173,1,YES
FEM-0259,CEF-0052,CARD-0208,CEVID-0174,1,YES
FEM-0260,CCF-0053,CARD-0209,CEVID-0175,1,YES
FEM-0261,CCF-0053,CARD-0209,CEVID-0176,2,NO
FEM-0262,CPF-0053,CARD-0210,CEVID-0177,1,YES
FEM-0263,CTF-0053,CARD-0211,CEVID-0178,1,YES
FEM-0264,CEF-0053,CARD-0212,CEVID-0177,1,YES
FEM-0265,CCF-0054,CARD-0213,CEVID-0179,1,YES
FEM-0266,CCF-0054,CARD-0213,CEVID-0180,2,NO
FEM-0267,CPF-0054,CARD-0214,CEVID-0181,1,YES
FEM-0268,CTF-0054,CARD-0215,CEVID-0166,1,YES
FEM-0269,CEF-0054,CARD-0216,CEVID-0182,1,YES
FEM-0270,CCF-0055,CARD-0217,CEVID-0183,1,YES
FEM-0271,CCF-0055,CARD-0217,CEVID-0184,2,NO
FEM-0272,CPF-0055,CARD-0218,CEVID-0185,1,YES
FEM-0273,CTF-0055,CARD-0219,CEVID-0184,1,YES
FEM-0274,CEF-0055,CARD-0220,CEVID-0185,1,YES
FEM-0275,CCF-0056,CARD-0221,CEVID-0186,1,YES
FEM-0276,CCF-0056,CARD-0221,CEVID-0187,2,NO
FEM-0277,CPF-0056,CARD-0222,CEVID-0186,1,YES
FEM-0278,CTF-0056,CARD-0223,CEVID-0186,1,YES
FEM-0279,CEF-0056,CARD-0224,CEVID-0188,1,YES
FEM-0280,CCF-0057,CARD-0225,CEVID-0189,1,YES
FEM-0281,CCF-0057,CARD-0225,CEVID-0168,2,NO
FEM-0282,CPF-0057,CARD-0226,CEVID-0190,1,YES
FEM-0283,CPF-0057,CARD-0226,CEVID-0160,2,NO
FEM-0284,CTF-0057,CARD-0227,CEVID-0170,1,YES
FEM-0285,CEF-0057,CARD-0228,CEVID-0191,1,YES
FEM-0286,CCF-0058,CARD-0229,CEVID-0192,1,YES
FEM-0287,CCF-0058,CARD-0229,CEVID-0193,2,NO
FEM-0288,CPF-0058,CARD-0230,CEVID-0194,1,YES
FEM-0289,CPF-0058,CARD-0230,CEVID-0195,2,NO
FEM-0290,CTF-0058,CARD-0231,CEVID-0195,1,YES
FEM-0291,CEF-0058,CARD-0232,CEVID-0164,1,YES
FEM-0292,CCF-0059,CARD-0233,CEVID-0196,1,YES
FEM-0293,CPF-0059,CARD-0234,CEVID-0196,1,YES
FEM-0294,CPF-0059,CARD-0234,CEVID-0197,2,NO
FEM-0295,CTF-0059,CARD-0235,CEVID-0198,1,YES
FEM-0296,CEF-0059,CARD-0236,CEVID-0196,1,YES
FEM-0297,CCF-0060,CARD-0237,CEVID-0199,1,YES
FEM-0298,CCF-0060,CARD-0237,CEVID-0151,2,NO
FEM-0299,CPF-0060,CARD-0238,CEVID-0200,1,YES
FEM-0300,CPF-0060,CARD-0238,CEVID-0201,2,NO
FEM-0301,CTF-0060,CARD-0239,CEVID-0202,1,YES
FEM-0302,CEF-0060,CARD-0240,CEVID-0203,1,YES
FEM-0303,CCF-0061,CARD-0241,CEVID-0204,1,YES
FEM-0304,CCF-0061,CARD-0241,CEVID-0205,2,NO
FEM-0305,CPF-0061,CARD-0242,CEVID-0206,1,YES
FEM-0306,CTF-0061,CARD-0243,CEVID-0204,1,YES
FEM-0307,CEF-0061,CARD-0244,CEVID-0207,1,YES
FEM-0308,CCF-0062,CARD-0245,CEVID-0208,1,YES
FEM-0309,CCF-0062,CARD-0245,CEVID-0209,2,NO
FEM-0310,CPF-0062,CARD-0246,CEVID-0210,1,YES
FEM-0311,CPF-0062,CARD-0246,CEVID-0208,2,NO
FEM-0312,CTF-0062,CARD-0247,CEVID-0211,1,YES
FEM-0313,CEF-0062,CARD-0248,CEVID-0208,1,YES
FEM-0314,CCF-0063,CARD-0249,CEVID-0212,1,YES
FEM-0315,CCF-0063,CARD-0249,CEVID-0213,2,NO
FEM-0316,CPF-0063,CARD-0250,CEVID-0160,1,YES
FEM-0317,CTF-0063,CARD-0251,CEVID-0213,1,YES
FEM-0318,CEF-0063,CARD-0252,CEVID-0160,1,YES
FEM-0319,CCF-0064,CARD-0253,CEVID-0214,1,YES
FEM-0320,CPF-0064,CARD-0254,CEVID-0214,1,YES
FEM-0321,CTF-0064,CARD-0255,CEVID-0214,1,YES
FEM-0322,CEF-0064,CARD-0256,CEVID-0214,1,YES
FEM-0323,CCF-0065,CARD-0257,CEVID-0215,1,YES
FEM-0324,CCF-0065,CARD-0257,CEVID-0216,2,NO
FEM-0325,CPF-0065,CARD-0258,CEVID-0215,1,YES
FEM-0326,CPF-0065,CARD-0258,CEVID-0216,2,NO
FEM-0327,CTF-0065,CARD-0259,CEVID-0215,1,YES
FEM-0328,CTF-0065,CARD-0259,CEVID-0216,2,NO
FEM-0329,CEF-0065,CARD-0260,CEVID-0215,1,YES
FEM-0330,CEF-0065,CARD-0260,CEVID-0216,2,NO
FEM-0331,CCF-0066,CARD-0261,CEVID-0217,1,YES
FEM-0332,CPF-0066,CARD-0262,CEVID-0217,1,YES
FEM-0333,CTF-0066,CARD-0263,CEVID-0217,1,YES
FEM-0334,CEF-0066,CARD-0264,CEVID-0217,1,YES
FEM-0335,CCF-0067,CARD-0265,CEVID-0218,1,YES
FEM-0336,CPF-0067,CARD-0266,CEVID-0218,1,YES
FEM-0337,CTF-0067,CARD-0267,CEVID-0218,1,YES
FEM-0338,CEF-0067,CARD-0268,CEVID-0218,1,YES
FEM-0339,CCF-0068,CARD-0269,CEVID-0219,1,YES
FEM-0340,CPF-0068,CARD-0270,CEVID-0219,1,YES
FEM-0341,CTF-0068,CARD-0271,CEVID-0219,1,YES
FEM-0342,CEF-0068,CARD-0272,CEVID-0219,1,YES
FEM-0343,CCF-0069,CARD-0273,CEVID-0220,1,YES
FEM-0344,CPF-0069,CARD-0274,CEVID-0220,1,YES
FEM-0345,CTF-0069,CARD-0275,CEVID-0220,1,YES
FEM-0346,CEF-0069,CARD-0276,CEVID-0220,1,YES
FEM-0347,CCF-0070,CARD-0277,CEVID-0221,1,YES
FEM-0348,CPF-0070,CARD-0278,CEVID-0221,1,YES
FEM-0349,CTF-0070,CARD-0279,CEVID-0221,1,YES
FEM-0350,CEF-0070,CARD-0280,CEVID-0221,1,YES
FEM-0351,CCF-0071,CARD-0281,CEVID-0222,1,YES
FEM-0352,CPF-0071,CARD-0282,CEVID-0222,1,YES
FEM-0353,CTF-0071,CARD-0283,CEVID-0222,1,YES
FEM-0354,CEF-0071,CARD-0284,CEVID-0222,1,YES
FEM-0355,CCF-0072,CARD-0285,CEVID-0223,1,YES
FEM-0356,CPF-0072,CARD-0286,CEVID-0223,1,YES
FEM-0357,CTF-0072,CARD-0287,CEVID-0223,1,YES
FEM-0358,CEF-0072,CARD-0288,CEVID-0223,1,YES
FEM-0359,CCF-0073,CARD-0289,CEVID-0224,1,YES
FEM-0360,CPF-0073,CARD-0290,CEVID-0224,1,YES
FEM-0361,CTF-0073,CARD-0291,CEVID-0224,1,YES
FEM-0362,CEF-0073,CARD-0292,CEVID-0224,1,YES
FEM-0363,CCF-0074,CARD-0293,CEVID-0225,1,YES
FEM-0364,CPF-0074,CARD-0294,CEVID-0225,1,YES
FEM-0365,CTF-0074,CARD-0295,CEVID-0225,1,YES
FEM-0366,CEF-0074,CARD-0296,CEVID-0225,1,YES
FEM-0367,CCF-0075,CARD-0297,CEVID-0226,1,YES
FEM-0368,CPF-0075,CARD-0298,CEVID-0226,1,YES
FEM-0369,CTF-0075,CARD-0299,CEVID-0226,1,YES
FEM-0370,CEF-0075,CARD-0300,CEVID-0226,1,YES
FEM-0371,CCF-0076,CARD-0301,CEVID-0218,1,YES
FEM-0372,CPF-0076,CARD-0302,CEVID-0218,1,YES
FEM-0373,CTF-0076,CARD-0303,CEVID-0218,1,YES
FEM-0374,CEF-0076,CARD-0304,CEVID-0218,1,YES
FEM-0375,CCF-0077,CARD-0305,CEVID-0227,1,YES
FEM-0376,CPF-0077,CARD-0306,CEVID-0227,1,YES
FEM-0377,CTF-0077,CARD-0307,CEVID-0227,1,YES
FEM-0378,CEF-0077,CARD-0308,CEVID-0227,1,YES
FEM-0379,CCF-0078,CARD-0309,CEVID-0228,1,YES
FEM-0380,CPF-0078,CARD-0310,CEVID-0228,1,YES
FEM-0381,CTF-0078,CARD-0311,CEVID-0228,1,YES
FEM-0382,CEF-0078,CARD-0312,CEVID-0228,1,YES
FEM-0383,CCF-0079,CARD-0313,CEVID-0229,1,YES
FEM-0384,CPF-0079,CARD-0314,CEVID-0229,1,YES
FEM-0385,CTF-0079,CARD-0315,CEVID-0229,1,YES
FEM-0386,CEF-0079,CARD-0316,CEVID-0229,1,YES
FEM-0387,CCF-0080,CARD-0317,CEVID-0230,1,YES
FEM-0388,CCF-0080,CARD-0317,CEVID-0231,2,NO
FEM-0389,CPF-0080,CARD-0318,CEVID-0230,1,YES
FEM-0390,CPF-0080,CARD-0318,CEVID-0231,2,NO
FEM-0391,CTF-0080,CARD-0319,CEVID-0230,1,YES
FEM-0392,CTF-0080,CARD-0319,CEVID-0231,2,NO
FEM-0393,CEF-0080,CARD-0320,CEVID-0230,1,YES
FEM-0394,CEF-0080,CARD-0320,CEVID-0231,2,NO
FEM-0395,CCF-0081,CARD-0321,CEVID-0232,1,YES
FEM-0396,CCF-0081,CARD-0321,CEVID-0233,2,NO
FEM-0397,CPF-0081,CARD-0322,CEVID-0232,1,YES
FEM-0398,CPF-0081,CARD-0322,CEVID-0233,2,NO
FEM-0399,CTF-0081,CARD-0323,CEVID-0232,1,YES
FEM-0400,CTF-0081,CARD-0323,CEVID-0233,2,NO
FEM-0401,CEF-0081,CARD-0324,CEVID-0232,1,YES
FEM-0402,CEF-0081,CARD-0324,CEVID-0233,2,NO
FEM-0403,CCF-0082,CARD-0325,CEVID-0234,1,YES
FEM-0404,CCF-0082,CARD-0325,CEVID-0235,2,NO
FEM-0405,CPF-0082,CARD-0326,CEVID-0234,1,YES
FEM-0406,CPF-0082,CARD-0326,CEVID-0235,2,NO
FEM-0407,CTF-0082,CARD-0327,CEVID-0234,1,YES
FEM-0408,CTF-0082,CARD-0327,CEVID-0235,2,NO
FEM-0409,CEF-0082,CARD-0328,CEVID-0234,1,YES
FEM-0410,CEF-0082,CARD-0328,CEVID-0235,2,NO
FEM-0411,CCF-0083,CARD-0329,CEVID-0236,1,YES
FEM-0412,CCF-0083,CARD-0329,CEVID-0237,2,NO
FEM-0413,CPF-0083,CARD-0330,CEVID-0236,1,YES
FEM-0414,CPF-0083,CARD-0330,CEVID-0237,2,NO
FEM-0415,CTF-0083,CARD-0331,CEVID-0236,1,YES
FEM-0416,CTF-0083,CARD-0331,CEVID-0237,2,NO
FEM-0417,CEF-0083,CARD-0332,CEVID-0236,1,YES
FEM-0418,CEF-0083,CARD-0332,CEVID-0237,2,NO
FEM-0419,CCF-0084,CARD-0333,CEVID-0238,1,YES
FEM-0420,CCF-0084,CARD-0333,CEVID-0239,2,NO
FEM-0421,CPF-0084,CARD-0334,CEVID-0238,1,YES
FEM-0422,CPF-0084,CARD-0334,CEVID-0239,2,NO
FEM-0423,CTF-0084,CARD-0335,CEVID-0238,1,YES
FEM-0424,CTF-0084,CARD-0335,CEVID-0239,2,NO
FEM-0425,CEF-0084,CARD-0336,CEVID-0238,1,YES
FEM-0426,CEF-0084,CARD-0336,CEVID-0239,2,NO
FEM-0427,CCF-0085,CARD-0337,CEVID-0240,1,YES
FEM-0428,CCF-0085,CARD-0337,CEVID-0241,2,NO
FEM-0429,CPF-0085,CARD-0338,CEVID-0240,1,YES
FEM-0430,CPF-0085,CARD-0338,CEVID-0241,2,NO
FEM-0431,CTF-0085,CARD-0339,CEVID-0240,1,YES
FEM-0432,CTF-0085,CARD-0339,CEVID-0241,2,NO
FEM-0433,CEF-0085,CARD-0340,CEVID-0240,1,YES
FEM-0434,CEF-0085,CARD-0340,CEVID-0241,2,NO
FEM-0435,CCF-0086,CARD-0341,CEVID-0242,1,YES
FEM-0436,CCF-0086,CARD-0341,CEVID-0243,2,NO
FEM-0437,CPF-0086,CARD-0342,CEVID-0242,1,YES
FEM-0438,CPF-0086,CARD-0342,CEVID-0243,2,NO
FEM-0439,CTF-0086,CARD-0343,CEVID-0242,1,YES
FEM-0440,CTF-0086,CARD-0343,CEVID-0243,2,NO
FEM-0441,CEF-0086,CARD-0344,CEVID-0242,1,YES
FEM-0442,CEF-0086,CARD-0344,CEVID-0243,2,NO
FEM-0443,CCF-0087,CARD-0345,CEVID-0244,1,YES
FEM-0444,CPF-0087,CARD-0346,CEVID-0244,1,YES
FEM-0445,CTF-0087,CARD-0347,CEVID-0244,1,YES
FEM-0446,CEF-0087,CARD-0348,CEVID-0244,1,YES
FEM-0447,CCF-0088,CARD-0349,CEVID-0245,1,YES
FEM-0448,CPF-0088,CARD-0350,CEVID-0245,1,YES
FEM-0449,CTF-0088,CARD-0351,CEVID-0245,1,YES
FEM-0450,CEF-0088,CARD-0352,CEVID-0245,1,YES
FEM-0451,CCF-0089,CARD-0353,CEVID-0246,1,YES
FEM-0452,CPF-0089,CARD-0354,CEVID-0246,1,YES
FEM-0453,CTF-0089,CARD-0355,CEVID-0246,1,YES
FEM-0454,CEF-0089,CARD-0356,CEVID-0246,1,YES
FEM-0455,CCF-0090,CARD-0357,CEVID-0247,1,YES
FEM-0456,CCF-0090,CARD-0357,CEVID-0248,2,NO
FEM-0457,CPF-0090,CARD-0358,CEVID-0247,1,YES
FEM-0458,CTF-0090,CARD-0359,CEVID-0248,1,YES
FEM-0459,CEF-0090,CARD-0360,CEVID-0247,1,YES
FEM-0460,CEF-0090,CARD-0360,CEVID-0248,2,NO
FEM-0461,CCF-0091,CARD-0361,CEVID-0222,1,YES
FEM-0462,CPF-0091,CARD-0362,CEVID-0222,1,YES
FEM-0463,CTF-0091,CARD-0363,CEVID-0222,1,YES
FEM-0464,CEF-0091,CARD-0364,CEVID-0222,1,YES
FEM-0465,CCF-0092,CARD-0365,CEVID-0249,1,YES
FEM-0466,CPF-0092,CARD-0366,CEVID-0249,1,YES
FEM-0467,CTF-0092,CARD-0367,CEVID-0249,1,YES
FEM-0468,CEF-0092,CARD-0368,CEVID-0249,1,YES
FEM-0469,CCF-0093,CARD-0369,CEVID-0250,1,YES
FEM-0470,CPF-0093,CARD-0370,CEVID-0250,1,YES
FEM-0471,CTF-0093,CARD-0371,CEVID-0250,1,YES
FEM-0472,CEF-0093,CARD-0372,CEVID-0250,1,YES
FEM-0473,CCF-0094,CARD-0373,CEVID-0251,1,YES
FEM-0474,CPF-0094,CARD-0374,CEVID-0251,1,YES
FEM-0475,CTF-0094,CARD-0375,CEVID-0251,1,YES
FEM-0476,CEF-0094,CARD-0376,CEVID-0251,1,YES
FEM-0477,CCF-0095,CARD-0377,CEVID-0252,1,YES
FEM-0478,CPF-0095,CARD-0378,CEVID-0252,1,YES
FEM-0479,CTF-0095,CARD-0379,CEVID-0252,1,YES
FEM-0480,CEF-0095,CARD-0380,CEVID-0252,1,YES
FEM-0481,CCF-0096,CARD-0381,CEVID-0253,1,YES
FEM-0482,CPF-0096,CARD-0382,CEVID-0253,1,YES
FEM-0483,CTF-0096,CARD-0383,CEVID-0253,1,YES
FEM-0484,CEF-0096,CARD-0384,CEVID-0253,1,YES
FEM-0485,CCF-0097,CARD-0385,CEVID-0254,1,YES
FEM-0486,CPF-0097,CARD-0386,CEVID-0254,1,YES
FEM-0487,CTF-0097,CARD-0387,CEVID-0254,1,YES
FEM-0488,CEF-0097,CARD-0388,CEVID-0254,1,YES
FEM-0489,CCF-0098,CARD-0389,CEVID-0255,1,YES
FEM-0490,CPF-0098,CARD-0390,CEVID-0255,1,YES
FEM-0491,CTF-0098,CARD-0391,CEVID-0255,1,YES
FEM-0492,CEF-0098,CARD-0392,CEVID-0255,1,YES
FEM-0493,CCF-0099,CARD-0393,CEVID-0256,1,YES
FEM-0494,CPF-0099,CARD-0394,CEVID-0256,1,YES
FEM-0495,CTF-0099,CARD-0395,CEVID-0256,1,YES
FEM-0496,CEF-0099,CARD-0396,CEVID-0256,1,YES
FEM-0497,CCF-0100,CARD-0397,CEVID-0257,1,YES
FEM-0498,CPF-0100,CARD-0398,CEVID-0257,1,YES
FEM-0499,CTF-0100,CARD-0399,CEVID-0257,1,YES
FEM-0500,CEF-0100,CARD-0400,CEVID-0257,1,YES
FEM-0501,CCF-0101,CARD-0401,CEVID-0258,1,YES
FEM-0502,CPF-0101,CARD-0402,CEVID-0258,1,YES
FEM-0503,CTF-0101,CARD-0403,CEVID-0258,1,YES
FEM-0504,CEF-0101,CARD-0404,CEVID-0258,1,YES
FEM-0505,CCF-0102,CARD-0405,CEVID-0259,1,YES
FEM-0506,CPF-0102,CARD-0406,CEVID-0259,1,YES
FEM-0507,CTF-0102,CARD-0407,CEVID-0259,1,YES
FEM-0508,CEF-0102,CARD-0408,CEVID-0259,1,YES
FEM-0509,CCF-0103,CARD-0409,CEVID-0260,1,YES
FEM-0510,CPF-0103,CARD-0410,CEVID-0260,1,YES
FEM-0511,CTF-0103,CARD-0411,CEVID-0260,1,YES
FEM-0512,CEF-0103,CARD-0412,CEVID-0260,1,YES
FEM-0513,CCF-0104,CARD-0413,CEVID-0261,1,YES
FEM-0514,CPF-0104,CARD-0414,CEVID-0261,1,YES
FEM-0515,CTF-0104,CARD-0415,CEVID-0261,1,YES
FEM-0516,CEF-0104,CARD-0416,CEVID-0261,1,YES
FEM-0517,CCF-0105,CARD-0417,CEVID-0262,1,YES
FEM-0518,CPF-0105,CARD-0418,CEVID-0262,1,YES
FEM-0519,CTF-0105,CARD-0419,CEVID-0262,1,YES
FEM-0520,CEF-0105,CARD-0420,CEVID-0262,1,YES
FEM-0521,CCF-0106,CARD-0421,CEVID-0263,1,YES
FEM-0522,CPF-0106,CARD-0422,CEVID-0263,1,YES
FEM-0523,CTF-0106,CARD-0423,CEVID-0263,1,YES
FEM-0524,CEF-0106,CARD-0424,CEVID-0263,1,YES
FEM-0525,CCF-0107,CARD-0425,CEVID-0264,1,YES
FEM-0526,CPF-0107,CARD-0426,CEVID-0264,1,YES
FEM-0527,CTF-0107,CARD-0427,CEVID-0264,1,YES
FEM-0528,CEF-0107,CARD-0428,CEVID-0264,1,YES
FEM-0529,CCF-0108,CARD-0429,CEVID-0265,1,YES
FEM-0530,CPF-0108,CARD-0430,CEVID-0265,1,YES
FEM-0531,CTF-0108,CARD-0431,CEVID-0265,1,YES
FEM-0532,CEF-0108,CARD-0432,CEVID-0265,1,YES
FEM-0533,CCF-0109,CARD-0433,CEVID-0266,1,YES
FEM-0534,CPF-0109,CARD-0434,CEVID-0266,1,YES
FEM-0535,CTF-0109,CARD-0435,CEVID-0266,1,YES
FEM-0536,CEF-0109,CARD-0436,CEVID-0266,1,YES
FEM-0537,CCF-0110,CARD-0437,CEVID-0267,1,YES
FEM-0538,CPF-0110,CARD-0438,CEVID-0267,1,YES
FEM-0539,CTF-0110,CARD-0439,CEVID-0267,1,YES
FEM-0540,CEF-0110,CARD-0440,CEVID-0267,1,YES
FEM-0541,CCF-0111,CARD-0441,CEVID-0268,1,YES
FEM-0542,CPF-0111,CARD-0442,CEVID-0268,1,YES
FEM-0543,CTF-0111,CARD-0443,CEVID-0268,1,YES
FEM-0544,CEF-0111,CARD-0444,CEVID-0268,1,YES
FEM-0545,CCF-0112,CARD-0445,CEVID-0269,1,YES
FEM-0546,CPF-0112,CARD-0446,CEVID-0269,1,YES
FEM-0547,CTF-0112,CARD-0447,CEVID-0269,1,YES
FEM-0548,CEF-0112,CARD-0448,CEVID-0269,1,YES
FEM-0549,CCF-0113,CARD-0449,CEVID-0270,1,YES
FEM-0550,CPF-0113,CARD-0450,CEVID-0270,1,YES
FEM-0551,CTF-0113,CARD-0451,CEVID-0270,1,YES
FEM-0552,CEF-0113,CARD-0452,CEVID-0270,1,YES
FEM-0553,CCF-0114,CARD-0453,CEVID-0271,1,YES
FEM-0554,CPF-0114,CARD-0454,CEVID-0271,1,YES
FEM-0555,CTF-0114,CARD-0455,CEVID-0271,1,YES
FEM-0556,CEF-0114,CARD-0456,CEVID-0271,1,YES
FEM-0557,CCF-0115,CARD-0457,CEVID-0272,1,YES
FEM-0558,CPF-0115,CARD-0458,CEVID-0272,1,YES
FEM-0559,CTF-0115,CARD-0459,CEVID-0272,1,YES
FEM-0560,CEF-0115,CARD-0460,CEVID-0272,1,YES
FEM-0561,CCF-0116,CARD-0461,CEVID-0273,1,YES
FEM-0562,CPF-0116,CARD-0462,CEVID-0273,1,YES
FEM-0563,CTF-0116,CARD-0463,CEVID-0273,1,YES
FEM-0564,CEF-0116,CARD-0464,CEVID-0273,1,YES
FEM-0565,CCF-0117,CARD-0465,CEVID-0274,1,YES
FEM-0566,CPF-0117,CARD-0466,CEVID-0274,1,YES
FEM-0567,CTF-0117,CARD-0467,CEVID-0274,1,YES
FEM-0568,CEF-0117,CARD-0468,CEVID-0274,1,YES
FEM-0569,CCF-0118,CARD-0469,CEVID-0273,1,YES
FEM-0570,CPF-0118,CARD-0470,CEVID-0273,1,YES
FEM-0571,CTF-0118,CARD-0471,CEVID-0273,1,YES
FEM-0572,CEF-0118,CARD-0472,CEVID-0273,1,YES
FEM-0573,CCF-0119,CARD-0473,CEVID-0275,1,YES
FEM-0574,CPF-0119,CARD-0474,CEVID-0275,1,YES
FEM-0575,CTF-0119,CARD-0475,CEVID-0275,1,YES
FEM-0576,CEF-0119,CARD-0476,CEVID-0275,1,YES
FEM-0577,CCF-0120,CARD-0477,CEVID-0276,1,YES
FEM-0578,CPF-0120,CARD-0478,CEVID-0276,1,YES
FEM-0579,CTF-0120,CARD-0479,CEVID-0276,1,YES
FEM-0580,CEF-0120,CARD-0480,CEVID-0276,1,YES
FEM-0581,CCF-0121,CARD-0481,CEVID-0276,1,YES
FEM-0582,CPF-0121,CARD-0482,CEVID-0276,1,YES
FEM-0583,CTF-0121,CARD-0483,CEVID-0276,1,YES
FEM-0584,CEF-0121,CARD-0484,CEVID-0276,1,YES
FEM-0585,CCF-0122,CARD-0485,CEVID-0277,1,YES
FEM-0586,CPF-0122,CARD-0486,CEVID-0277,1,YES
FEM-0587,CTF-0122,CARD-0487,CEVID-0277,1,YES
FEM-0588,CEF-0122,CARD-0488,CEVID-0277,1,YES
FEM-0589,CCF-0123,CARD-0489,CEVID-0276,1,YES
FEM-0590,CPF-0123,CARD-0490,CEVID-0276,1,YES
FEM-0591,CTF-0123,CARD-0491,CEVID-0276,1,YES
FEM-0592,CEF-0123,CARD-0492,CEVID-0276,1,YES
FEM-0593,CCF-0124,CARD-0493,CEVID-0275,1,YES
FEM-0594,CPF-0124,CARD-0494,CEVID-0275,1,YES
FEM-0595,CTF-0124,CARD-0495,CEVID-0275,1,YES
FEM-0596,CEF-0124,CARD-0496,CEVID-0275,1,YES
FEM-0597,CCF-0125,CARD-0497,CEVID-0274,1,YES
FEM-0598,CPF-0125,CARD-0498,CEVID-0274,1,YES
FEM-0599,CTF-0125,CARD-0499,CEVID-0274,1,YES
FEM-0600,CEF-0125,CARD-0500,CEVID-0274,1,YES
FEM-0601,CCF-0126,CARD-0501,CEVID-0275,1,YES
FEM-0602,CPF-0126,CARD-0502,CEVID-0275,1,YES
FEM-0603,CTF-0126,CARD-0503,CEVID-0275,1,YES
FEM-0604,CEF-0126,CARD-0504,CEVID-0275,1,YES
FEM-0605,CCF-0127,CARD-0505,CEVID-0278,1,YES
FEM-0606,CPF-0127,CARD-0506,CEVID-0278,1,YES
FEM-0607,CTF-0127,CARD-0507,CEVID-0278,1,YES
FEM-0608,CEF-0127,CARD-0508,CEVID-0278,1,YES
FEM-0609,CCF-0128,CARD-0509,CEVID-0273,1,YES
FEM-0610,CPF-0128,CARD-0510,CEVID-0273,1,YES
FEM-0611,CTF-0128,CARD-0511,CEVID-0273,1,YES
FEM-0612,CEF-0128,CARD-0512,CEVID-0273,1,YES
FEM-0613,CCF-0129,CARD-0513,CEVID-0273,1,YES
FEM-0614,CPF-0129,CARD-0514,CEVID-0273,1,YES
FEM-0615,CTF-0129,CARD-0515,CEVID-0273,1,YES
FEM-0616,CEF-0129,CARD-0516,CEVID-0273,1,YES
FEM-0617,CCF-0130,CARD-0517,CEVID-0273,1,YES
FEM-0618,CPF-0130,CARD-0518,CEVID-0273,1,YES
FEM-0619,CTF-0130,CARD-0519,CEVID-0273,1,YES
FEM-0620,CEF-0130,CARD-0520,CEVID-0273,1,YES
FEM-0621,CCF-0131,CARD-0521,CEVID-0273,1,YES
FEM-0622,CPF-0131,CARD-0522,CEVID-0273,1,YES
FEM-0623,CTF-0131,CARD-0523,CEVID-0273,1,YES
FEM-0624,CEF-0131,CARD-0524,CEVID-0273,1,YES
FEM-0625,CCF-0132,CARD-0525,CEVID-0279,1,YES
FEM-0626,CPF-0132,CARD-0526,CEVID-0279,1,YES
FEM-0627,CTF-0132,CARD-0527,CEVID-0279,1,YES
FEM-0628,CEF-0132,CARD-0528,CEVID-0279,1,YES
FEM-0629,CCF-0133,CARD-0529,CEVID-0280,1,YES
FEM-0630,CCF-0133,CARD-0529,CEVID-0281,2,NO
FEM-0631,CCF-0133,CARD-0529,CEVID-0282,3,NO
FEM-0632,CCF-0133,CARD-0529,CEVID-0283,4,NO
FEM-0633,CCF-0133,CARD-0529,CEVID-0284,5,NO
FEM-0634,CPF-0133,CARD-0530,CEVID-0280,1,YES
FEM-0635,CPF-0133,CARD-0530,CEVID-0281,2,NO
FEM-0636,CPF-0133,CARD-0530,CEVID-0282,3,NO
FEM-0637,CPF-0133,CARD-0530,CEVID-0283,4,NO
FEM-0638,CPF-0133,CARD-0530,CEVID-0284,5,NO
FEM-0639,CTF-0133,CARD-0531,CEVID-0280,1,YES
FEM-0640,CTF-0133,CARD-0531,CEVID-0281,2,NO
FEM-0641,CTF-0133,CARD-0531,CEVID-0282,3,NO
FEM-0642,CTF-0133,CARD-0531,CEVID-0283,4,NO
FEM-0643,CTF-0133,CARD-0531,CEVID-0284,5,NO
FEM-0644,CEF-0133,CARD-0532,CEVID-0280,1,YES
FEM-0645,CEF-0133,CARD-0532,CEVID-0281,2,NO
FEM-0646,CEF-0133,CARD-0532,CEVID-0282,3,NO
FEM-0647,CEF-0133,CARD-0532,CEVID-0283,4,NO
FEM-0648,CEF-0133,CARD-0532,CEVID-0284,5,NO
