Initiative_ID,Initiative_Name,Topic,Sub_Topic,Cost_Factor_ID,Carbon_Factor_ID,Timing_Factor_ID,Efficiency_Factor_ID,Filled_Value_Slots,Empty_Value_Slots,Slots_With_Method,Slots_With_Evidence,Has_Case,Calculation_Readiness,Gap_Note
INIT-0001,Adopt a net-zero buildings plan,Energy & Buildings,Buildings & Refrigerants & Fugitive Emissions,CCF-0001,CPF-0001,CTF-0001,CEF-0001,0,4,0,0,YES,DISPLAY_ONLY,"One or more slots are missing a published value, method, and/or evidence URL. See Factor Gap Register."
INIT-0002,Measure and verify building energy performance,Energy & Buildings,Buildings & Refrigerants & Fugitive Emissions,CCF-0002,CPF-0002,CTF-0002,CEF-0002,4,0,4,4,YES,DISPLAY_ONLY,"All four slots have value, method, and at least one evidence URL."
INIT-0003,Optimise and upgrade HVAC systems and controls,Energy & Buildings,Buildings & Refrigerants & Fugitive Emissions,CCF-0003,CPF-0003,CTF-0003,CEF-0003,4,0,4,4,YES,DISPLAY_ONLY,"All four slots have value, method, and at least one evidence URL."
INIT-0004,Install smart draught beverage dispense systems,Energy & Buildings,Energy Management,CCF-0004,CPF-0004,CTF-0004,CEF-0004,4,0,4,4,YES,DISPLAY_ONLY,"All four slots have value, method, and at least one evidence URL."
INIT-0005,Install timer controls across eligible equipment,Energy & Buildings,Buildings & Refrigerants & Fugitive Emissions,CCF-0005,CPF-0005,CTF-0005,CEF-0005,4,0,4,4,YES,DISPLAY_ONLY,"All four slots have value, method, and at least one evidence URL."
INIT-0006,"Optimise fans and pumps with variable-speed drives, efficient motors and demand controls",Energy & Buildings,Buildings & Refrigerants & Fugitive Emissions,CCF-0006,CPF-0006,CTF-0006,CEF-0006,4,0,4,4,YES,DISPLAY_ONLY,"All four slots have value, method, and at least one evidence URL."
INIT-0007,"Recover and reuse waste heat from refrigeration, cooking or wastewater",Energy & Buildings,Buildings & Refrigerants & Fugitive Emissions,CCF-0007,CPF-0007,CTF-0007,CEF-0007,4,0,4,4,YES,DISPLAY_ONLY,"All four slots have value, method, and at least one evidence URL."
INIT-0008,Upgrade boiler burner controls and balance heat-distribution systems,Energy & Buildings,Buildings & Refrigerants & Fugitive Emissions,CCF-0008,CPF-0008,CTF-0008,CEF-0008,4,0,4,4,YES,DISPLAY_ONLY,"All four slots have value, method, and at least one evidence URL."
INIT-0009,"Upgrade domestic hot-water generation, storage and circulation controls",Energy & Buildings,Buildings & Refrigerants & Fugitive Emissions,CCF-0009,CPF-0009,CTF-0009,CEF-0009,4,0,4,4,YES,DISPLAY_ONLY,"All four slots have value, method, and at least one evidence URL."
INIT-0010,"Automate shutdown of non-HVAC, non-lighting equipment outside operating hours",Energy & Buildings,Buildings & Refrigerants & Fugitive Emissions,CCF-0010,CPF-0010,CTF-0010,CEF-0010,4,0,4,4,YES,DISPLAY_ONLY,"All four slots have value, method, and at least one evidence URL."
INIT-0011,"Implement power management for small-power, IT and server-room equipment",Energy & Buildings,Buildings & Refrigerants & Fugitive Emissions,CCF-0011,CPF-0011,CTF-0011,CEF-0011,3,1,3,3,YES,DISPLAY_ONLY,"One or more slots are missing a published value, method, and/or evidence URL. See Factor Gap Register."
INIT-0012,Upgrade lift and escalator drives and controls,Energy & Buildings,Buildings & Refrigerants & Fugitive Emissions,CCF-0012,CPF-0012,CTF-0012,CEF-0012,4,0,4,4,YES,DISPLAY_ONLY,"All four slots have value, method, and at least one evidence URL."
INIT-0013,"Optimise swimming-pool circulation, heating, covers and backwashing",Energy & Buildings,Buildings & Refrigerants & Fugitive Emissions,CCF-0013,CPF-0013,CTF-0013,CEF-0013,4,0,4,4,YES,DISPLAY_ONLY,"All four slots have value, method, and at least one evidence URL."
INIT-0014,Replace high-GWP refrigerants with lower-GWP alternatives during planned plant intervention,Energy & Buildings,Buildings & Refrigerants & Fugitive Emissions,CCF-0014,CPF-0014,CTF-0014,CEF-0014,4,0,4,4,YES,DISPLAY_ONLY,"All four slots have value, method, and at least one evidence URL."
INIT-0015,Install refrigerant leak detection and implement rapid repair,Energy & Buildings,Buildings & Refrigerants & Fugitive Emissions,CCF-0015,CPF-0015,CTF-0015,CEF-0015,4,0,4,4,YES,DISPLAY_ONLY,"All four slots have value, method, and at least one evidence URL."
INIT-0016,Maintain a governed refrigerant inventory and leakage record,Energy & Buildings,Buildings & Refrigerants & Fugitive Emissions,CCF-0016,CPF-0016,CTF-0016,CEF-0016,1,3,1,1,YES,DISPLAY_ONLY,"One or more slots are missing a published value, method, and/or evidence URL. See Factor Gap Register."
INIT-0017,Recover refrigerants at equipment end of life and document transfer,Energy & Buildings,Buildings & Refrigerants & Fugitive Emissions,CCF-0017,CPF-0017,CTF-0017,CEF-0017,4,0,4,4,YES,DISPLAY_ONLY,"All four slots have value, method, and at least one evidence URL."
INIT-0018,"Upgrade refrigeration equipment, doors, seals, fans and controls",Energy & Buildings,Buildings & Refrigerants & Fugitive Emissions,CCF-0018,CPF-0018,CTF-0018,CEF-0018,4,0,4,4,YES,DISPLAY_ONLY,"All four slots have value, method, and at least one evidence URL."
INIT-0019,Adopt a validated warmer freezer setpoint where product and food-safety rules allow,Energy & Buildings,Buildings & Refrigerants & Fugitive Emissions,CCF-0019,CPF-0019,CTF-0019,CEF-0019,2,2,2,2,YES,DISPLAY_ONLY,"One or more slots are missing a published value, method, and/or evidence URL. See Factor Gap Register."
INIT-0020,Phase out fossil-fuelled patio heaters and avoid unnecessary outdoor heating,Energy & Buildings,Buildings & Refrigerants & Fugitive Emissions,CCF-0020,CPF-0020,CTF-0020,CEF-0020,4,0,4,4,YES,DISPLAY_ONLY,"All four slots have value, method, and at least one evidence URL."
INIT-0021,Conduct whole-life carbon assessments for major capital projects,Energy & Buildings,Capital Goods (sub group supply chain),CCF-0021,CPF-0021,CTF-0021,CEF-0021,1,3,1,1,YES,DISPLAY_ONLY,"One or more slots are missing a published value, method, and/or evidence URL. See Factor Gap Register."
INIT-0022,Set operational-energy and embodied-carbon targets for new construction and major refurbishment,Energy & Buildings,Capital Goods (sub group supply chain),CCF-0022,CPF-0022,CTF-0022,CEF-0022,0,4,0,0,YES,DISPLAY_ONLY,"One or more slots are missing a published value, method, and/or evidence URL. See Factor Gap Register."
INIT-0023,Apply carbon criteria at capital-project investment and design gates,Energy & Buildings,Capital Goods (sub group supply chain),CCF-0023,CPF-0023,CTF-0023,CEF-0023,1,3,1,1,YES,DISPLAY_ONLY,"One or more slots are missing a published value, method, and/or evidence URL. See Factor Gap Register."
INIT-0024,Require EPDs or product-specific carbon data for priority materials and equipment,Energy & Buildings,Capital Goods (sub group supply chain),CCF-0024,CPF-0024,CTF-0024,CEF-0024,2,2,2,2,YES,DISPLAY_ONLY,"One or more slots are missing a published value, method, and/or evidence URL. See Factor Gap Register."
INIT-0025,"Prioritise refurbishment, reuse and adaptation before new construction",Energy & Buildings,Capital Goods (sub group supply chain),CCF-0025,CPF-0025,CTF-0025,CEF-0025,4,0,4,3,YES,DISPLAY_ONLY,"One or more slots are missing a published value, method, and/or evidence URL. See Factor Gap Register."
INIT-0026,Require component reuse and material recovery in building and fit-out projects,Energy & Buildings,Capital Goods (sub group supply chain),CCF-0026,CPF-0026,CTF-0026,CEF-0026,4,0,4,3,YES,DISPLAY_ONLY,"One or more slots are missing a published value, method, and/or evidence URL. See Factor Gap Register."
INIT-0027,Specify lower-carbon and responsibly sourced construction materials,Energy & Buildings,Capital Goods (sub group supply chain),CCF-0027,CPF-0027,CTF-0027,CEF-0027,4,0,4,4,YES,DISPLAY_ONLY,"All four slots have value, method, and at least one evidence URL."
INIT-0028,"Specify durability, repairability, modularity and supplier take-back for capital equipment",Energy & Buildings,Capital Goods (sub group supply chain),CCF-0028,CPF-0028,CTF-0028,CEF-0028,4,0,4,4,YES,DISPLAY_ONLY,"All four slots have value, method, and at least one evidence URL."
INIT-0029,"Design buildings and fit-outs for adaptability, disassembly and material recovery",Energy & Buildings,Capital Goods (sub group supply chain),CCF-0029,CPF-0029,CTF-0029,CEF-0029,3,1,3,2,YES,DISPLAY_ONLY,"One or more slots are missing a published value, method, and/or evidence URL. See Factor Gap Register."
INIT-0030,Commission new buildings and major refurbishments against designed operational performance,Energy & Buildings,Capital Goods (sub group supply chain),CCF-0030,CPF-0030,CTF-0030,CEF-0030,2,2,2,2,YES,DISPLAY_ONLY,"One or more slots are missing a published value, method, and/or evidence URL. See Factor Gap Register."
INIT-0031,Apply verified energy-efficiency criteria when replacing kitchen equipment,Energy & Buildings,Capital Goods (sub group supply chain),CCF-0031,CPF-0031,CTF-0031,CEF-0031,2,2,2,2,YES,DISPLAY_ONLY,"One or more slots are missing a published value, method, and/or evidence URL. See Factor Gap Register."
INIT-0032,Assess the feasibility of hydrogen-ready kitchen equipment,Energy & Buildings,Capital Goods (sub group supply chain),CCF-0032,CPF-0032,CTF-0032,CEF-0032,1,3,1,1,YES,DISPLAY_ONLY,"One or more slots are missing a published value, method, and/or evidence URL. See Factor Gap Register."
INIT-0033,Apply environmental-performance criteria when selecting leased sites,Energy & Buildings,"Leased, Tenanted & Franchised Sites",CCF-0033,CPF-0033,CTF-0033,CEF-0033,1,3,1,1,YES,DISPLAY_ONLY,"One or more slots are missing a published value, method, and/or evidence URL. See Factor Gap Register."
INIT-0034,Apply energy and carbon criteria to lease renewals and franchise onboarding,Energy & Buildings,"Leased, Tenanted & Franchised Sites",CCF-0034,CPF-0034,CTF-0034,CEF-0034,1,3,1,1,YES,DISPLAY_ONLY,"One or more slots are missing a published value, method, and/or evidence URL. See Factor Gap Register."
INIT-0035,"Include green performance, data and cooperation clauses in leases and franchise agreements",Energy & Buildings,"Leased, Tenanted & Franchised Sites",CCF-0035,CPF-0035,CTF-0035,CEF-0035,1,3,1,1,YES,DISPLAY_ONLY,"One or more slots are missing a published value, method, and/or evidence URL. See Factor Gap Register."
INIT-0036,"Collect and quality-check energy and emissions data from leased, tenanted and franchised sites",Energy & Buildings,"Leased, Tenanted & Franchised Sites",CCF-0036,CPF-0036,CTF-0036,CEF-0036,4,0,4,4,YES,DISPLAY_ONLY,"All four slots have value, method, and at least one evidence URL."
INIT-0037,Secure rights and approval routes for environmental improvements in leased sites,Energy & Buildings,"Leased, Tenanted & Franchised Sites",CCF-0037,CPF-0037,CTF-0037,CEF-0037,1,3,1,1,YES,DISPLAY_ONLY,"One or more slots are missing a published value, method, and/or evidence URL. See Factor Gap Register."
INIT-0038,Enable renewable electricity procurement under lease and franchise arrangements,Energy & Buildings,"Leased, Tenanted & Franchised Sites",CCF-0038,CPF-0038,CTF-0038,CEF-0038,3,1,3,3,YES,DISPLAY_ONLY,"One or more slots are missing a published value, method, and/or evidence URL. See Factor Gap Register."
INIT-0039,"Agree landlord-tenant decarbonisation plans with actions, funding and accountability",Energy & Buildings,"Leased, Tenanted & Franchised Sites",CCF-0039,CPF-0039,CTF-0039,CEF-0039,4,0,3,4,YES,DISPLAY_ONLY,"One or more slots are missing a published value, method, and/or evidence URL. See Factor Gap Register."
INIT-0040,Set and monitor energy-performance standards for franchisees,Energy & Buildings,"Leased, Tenanted & Franchised Sites",CCF-0040,CPF-0040,CTF-0040,CEF-0040,1,3,1,1,YES,DISPLAY_ONLY,"One or more slots are missing a published value, method, and/or evidence URL. See Factor Gap Register."
INIT-0041,Complete an Energy Health Check,Energy & Buildings,Energy Management,CCF-0041,CPF-0041,CTF-0041,CEF-0041,4,0,4,4,YES,DISPLAY_ONLY,"All four slots have value, method, and at least one evidence URL."
INIT-0042,Install battery storage (BESS),Energy & Buildings,Energy Procurement & Renewables,CCF-0042,CPF-0042,CTF-0042,CEF-0042,4,0,4,4,YES,DISPLAY_ONLY,"All four slots have value, method, and at least one evidence URL."
INIT-0043,Upgrade to LED lighting with optimised design and controls,Energy & Buildings,Energy Management,CCF-0043,CPF-0043,CTF-0043,CEF-0043,4,0,4,4,YES,DISPLAY_ONLY,"All four slots have value, method, and at least one evidence URL."
INIT-0044,Install heat/energy recovery ventilation units,Energy & Buildings,Energy Management,CCF-0044,CPF-0044,CTF-0044,CEF-0044,4,0,4,4,YES,DISPLAY_ONLY,"All four slots have value, method, and at least one evidence URL."
INIT-0045,Deploy gas boiler additives,Energy & Buildings,Energy Management,CCF-0045,CPF-0045,CTF-0045,CEF-0045,4,0,4,4,YES,DISPLAY_ONLY,"All four slots have value, method, and at least one evidence URL."
INIT-0046,Install air or ground source heat pumps,Energy & Buildings,Energy Procurement & Renewables,CCF-0046,CPF-0046,CTF-0046,CEF-0046,4,0,4,4,YES,DISPLAY_ONLY,"All four slots have value, method, and at least one evidence URL."
INIT-0047,Utilise cellar cooling across estates,Energy & Buildings,Energy Management,CCF-0047,CPF-0047,CTF-0047,CEF-0047,4,0,4,4,YES,DISPLAY_ONLY,"All four slots have value, method, and at least one evidence URL."
INIT-0048,Replace gas-fired heating and catering equipment with electric alternatives,Energy & Buildings,Energy Management,CCF-0048,CPF-0048,CTF-0048,CEF-0048,4,0,4,4,YES,DISPLAY_ONLY,"All four slots have value, method, and at least one evidence URL."
INIT-0049,Invest in energy-efficiency and renewables infrastructure,Energy & Buildings,Energy Procurement & Renewables,CCF-0049,CPF-0049,CTF-0049,CEF-0049,4,0,4,4,YES,DISPLAY_ONLY,"All four slots have value, method, and at least one evidence URL."
INIT-0050,"Upgrade building-fabric thermal performance (insulation, glazing, draught-proofing)",Energy & Buildings,Energy Management,CCF-0050,CPF-0050,CTF-0050,CEF-0050,4,0,4,4,YES,DISPLAY_ONLY,"All four slots have value, method, and at least one evidence URL."
INIT-0051,Install smart sub-metering and a building management system (BMS),Energy & Buildings,Energy Management,CCF-0051,CPF-0051,CTF-0051,CEF-0051,4,0,4,4,YES,DISPLAY_ONLY,"All four slots have value, method, and at least one evidence URL."
INIT-0052,Install on-site solar PV,Energy & Buildings,Energy Procurement & Renewables,CCF-0052,CPF-0052,CTF-0052,CEF-0052,4,0,4,4,YES,DISPLAY_ONLY,"All four slots have value, method, and at least one evidence URL."
INIT-0053,Install voltage optimisation equipment,Energy & Buildings,Energy Management,CCF-0053,CPF-0053,CTF-0053,CEF-0053,4,0,4,4,YES,DISPLAY_ONLY,"All four slots have value, method, and at least one evidence URL."
INIT-0054,Procure renewable electricity via PPAs or green tariffs,Energy & Buildings,Energy Procurement & Renewables,CCF-0054,CPF-0054,CTF-0054,CEF-0054,4,0,4,4,YES,DISPLAY_ONLY,"All four slots have value, method, and at least one evidence URL."
INIT-0055,Enroll sites in demand-side response and flexibility schemes,Energy & Buildings,Energy Procurement & Renewables,CCF-0055,CPF-0055,CTF-0055,CEF-0055,4,0,4,4,YES,DISPLAY_ONLY,"All four slots have value, method, and at least one evidence URL."
INIT-0056,Run staff energy-engagement programmes,Energy & Buildings,Energy Management,CCF-0056,CPF-0056,CTF-0056,CEF-0056,4,0,4,4,YES,DISPLAY_ONLY,"All four slots have value, method, and at least one evidence URL."
INIT-0057,Optimise heating controls,Energy & Buildings,Energy Management,CCF-0057,CPF-0057,CTF-0057,CEF-0057,4,0,4,4,YES,DISPLAY_ONLY,"All four slots have value, method, and at least one evidence URL."
INIT-0058,Improve building EPC ratings to B or above,Energy & Buildings,Energy Management,CCF-0058,CPF-0058,CTF-0058,CEF-0058,4,0,4,4,YES,DISPLAY_ONLY,"All four slots have value, method, and at least one evidence URL."
INIT-0059,Connect sites to low-carbon heat networks or solar thermal,Energy & Buildings,Energy Procurement & Renewables,CCF-0059,CPF-0059,CTF-0059,CEF-0059,4,0,4,4,YES,DISPLAY_ONLY,"All four slots have value, method, and at least one evidence URL."
INIT-0060,Procure certified green gas or biomethane,Energy & Buildings,Energy Procurement & Renewables,CCF-0060,CPF-0060,CTF-0060,CEF-0060,4,0,4,4,YES,DISPLAY_ONLY,"All four slots have value, method, and at least one evidence URL."
INIT-0061,Certify sites to ISO 50001 energy management,Energy & Buildings,Energy Management,CCF-0061,CPF-0061,CTF-0061,CEF-0061,4,0,4,4,YES,DISPLAY_ONLY,"All four slots have value, method, and at least one evidence URL."
INIT-0062,Install power factor correction,Energy & Buildings,Energy Management,CCF-0062,CPF-0062,CTF-0062,CEF-0062,4,0,4,4,YES,DISPLAY_ONLY,"All four slots have value, method, and at least one evidence URL."
INIT-0063,Build to BREEAM 'Very Good' or above,Energy & Buildings,Energy Management,CCF-0063,CPF-0063,CTF-0063,CEF-0063,4,0,4,4,YES,DISPLAY_ONLY,"All four slots have value, method, and at least one evidence URL."
INIT-0064,Allocate responsibility at Board level,Governance,General,CCF-0064,CPF-0064,CTF-0064,CEF-0064,4,0,4,4,YES,DISPLAY_ONLY,"All four slots have value, method, and at least one evidence URL."
INIT-0065,Appoint a sustainability lead or assign executive responsibility for sustainability,Governance,General,CCF-0065,CPF-0065,CTF-0065,CEF-0065,4,0,4,4,YES,DISPLAY_ONLY,"All four slots have value, method, and at least one evidence URL."
INIT-0066,Establish a Sustainability Committee,Governance,General,CCF-0066,CPF-0066,CTF-0066,CEF-0066,4,0,4,4,YES,DISPLAY_ONLY,"All four slots have value, method, and at least one evidence URL."
INIT-0067,Link executive remuneration to sustainability and climate performance,Governance,General,CCF-0067,CPF-0067,CTF-0067,CEF-0067,4,0,4,4,YES,DISPLAY_ONLY,"All four slots have value, method, and at least one evidence URL."
INIT-0068,Engage your shareholders around climate risks and opportunities,Governance,General,CCF-0068,CPF-0068,CTF-0068,CEF-0068,4,0,4,4,YES,DISPLAY_ONLY,"All four slots have value, method, and at least one evidence URL."
INIT-0069,Regularly review sustainability performance at senior management and Board level.,Governance,General,CCF-0069,CPF-0069,CTF-0069,CEF-0069,4,0,4,4,YES,DISPLAY_ONLY,"All four slots have value, method, and at least one evidence URL."
INIT-0070,Develop a sustainability strategy informed by a double materiality assessment.,Governance,Strategy,CCF-0070,CPF-0070,CTF-0070,CEF-0070,4,0,4,4,YES,DISPLAY_ONLY,"All four slots have value, method, and at least one evidence URL."
INIT-0071,Calculate your baseline GHG footprint.,Governance,Strategy,CCF-0071,CPF-0071,CTF-0071,CEF-0071,4,0,4,4,YES,DISPLAY_ONLY,"All four slots have value, method, and at least one evidence URL."
INIT-0072,Use the TCFD framework to review and disclose your climate-related risks and opportunities.,Governance,Strategy,CCF-0072,CPF-0072,CTF-0072,CEF-0072,4,0,4,4,YES,DISPLAY_ONLY,"All four slots have value, method, and at least one evidence URL."
INIT-0073,Develop a Net Zero Strategy.,Governance,Strategy,CCF-0073,CPF-0073,CTF-0073,CEF-0073,4,0,4,4,YES,DISPLAY_ONLY,"All four slots have value, method, and at least one evidence URL."
INIT-0074,Set a Net Zero target.,Governance,Strategy,CCF-0074,CPF-0074,CTF-0074,CEF-0074,4,0,4,4,YES,DISPLAY_ONLY,"All four slots have value, method, and at least one evidence URL."
INIT-0075,Validate targets through SBTi.,Governance,Strategy,CCF-0075,CPF-0075,CTF-0075,CEF-0075,4,0,4,4,YES,DISPLAY_ONLY,"All four slots have value, method, and at least one evidence URL."
INIT-0076,Integrate sustainability objectives and KPIs into business planning.,Governance,Strategy,CCF-0076,CPF-0076,CTF-0076,CEF-0076,4,0,4,4,YES,DISPLAY_ONLY,"All four slots have value, method, and at least one evidence URL."
INIT-0077,Develop a long-term decarbonisation funding plan.,Governance,Strategy,CCF-0077,CPF-0077,CTF-0077,CEF-0077,4,0,4,4,YES,DISPLAY_ONLY,"All four slots have value, method, and at least one evidence URL."
INIT-0078,"Explore external grants, funding and incentives.",Governance,Strategy,CCF-0078,CPF-0078,CTF-0078,CEF-0078,4,0,4,4,YES,DISPLAY_ONLY,"All four slots have value, method, and at least one evidence URL."
INIT-0079,Develop a carbon removals strategy and quality criteria.,Governance,Strategy,CCF-0079,CPF-0079,CTF-0079,CEF-0079,4,0,4,4,YES,DISPLAY_ONLY,"All four slots have value, method, and at least one evidence URL."
INIT-0080,Involve your guests in sustainability initiatives- offer discounts for opting out of daily cleaning of the room-- ask them to give feedback on your activities,Governance,Strategy,CCF-0080,CPF-0080,CTF-0080,CEF-0080,4,0,4,4,YES,DISPLAY_ONLY,"All four slots have value, method, and at least one evidence URL."
INIT-0081,"Provide sustainability training for your leadership team, operations and functional central support teams.",Governance,Staff,CCF-0081,CPF-0081,CTF-0081,CEF-0081,4,0,4,4,YES,DISPLAY_ONLY,"All four slots have value, method, and at least one evidence URL."
INIT-0082,Offer a sustainable pension to employees (Ideally make it the default choice),Governance,Staff,CCF-0082,CPF-0082,CTF-0082,CEF-0082,4,0,4,4,YES,DISPLAY_ONLY,"All four slots have value, method, and at least one evidence URL."
INIT-0083,Understand employee sustainability expectations and strengthen engagement,Governance,Staff,CCF-0083,CPF-0083,CTF-0083,CEF-0083,4,0,4,4,YES,DISPLAY_ONLY,"All four slots have value, method, and at least one evidence URL."
INIT-0084,Embed sustainability into employee roles and responsibilities,Governance,Staff,CCF-0084,CPF-0084,CTF-0084,CEF-0084,4,0,4,4,YES,DISPLAY_ONLY,"All four slots have value, method, and at least one evidence URL."
INIT-0085,Recognizing and rewarding employees for their contributions to sustainability efforts can boost morale and motivation,Governance,Staff,CCF-0085,CPF-0085,CTF-0085,CEF-0085,4,0,4,4,YES,DISPLAY_ONLY,"All four slots have value, method, and at least one evidence URL."
INIT-0086,Develop and maintain a Climate Transition Plan.,Governance,Regulation,CCF-0086,CPF-0086,CTF-0086,CEF-0086,4,0,4,4,YES,DISPLAY_ONLY,"All four slots have value, method, and at least one evidence URL."
INIT-0087,"Disclose climate-related information using recognised reporting frameworks (e.g. UK SRS, IFRS S2 and TCFD).",Governance,Regulation,CCF-0087,CPF-0087,CTF-0087,CEF-0087,4,0,4,4,YES,DISPLAY_ONLY,"All four slots have value, method, and at least one evidence URL."
INIT-0088,"Ensure compliance with applicable environmental legislation and reporting requirements (e.g. SECR, ESOS, Simpler Recycling, EPR and the Green Claims Code, where applicable).",Governance,Regulation,CCF-0088,CPF-0088,CTF-0088,CEF-0088,4,0,4,4,YES,DISPLAY_ONLY,"All four slots have value, method, and at least one evidence URL."
INIT-0089,Implement an Environmental Management System (e.g. ISO 14001).,Governance,Regulation,CCF-0089,CPF-0089,CTF-0089,CEF-0089,4,0,4,4,YES,DISPLAY_ONLY,"All four slots have value, method, and at least one evidence URL."
INIT-0090,"Pursue recognised sustainability certifications and voluntary commitments (e.g. Green Key, Green Tourism, B Corp, Race to Zero or The Climate Pledge)",Governance,Regulation,CCF-0090,CPF-0090,CTF-0090,CEF-0090,4,0,4,4,YES,DISPLAY_ONLY,"All four slots have value, method, and at least one evidence URL."
INIT-0091,Establish a Management Information System to Track Sustainability KPIs Monthly,Governance,Regulation,CCF-0091,CPF-0091,CTF-0091,CEF-0091,4,0,4,4,YES,DISPLAY_ONLY,"All four slots have value, method, and at least one evidence URL."
INIT-0092,Reduce the volume and impact of packaging materials used.,Supply Chain,Packaging,CCF-0092,CPF-0092,CTF-0092,CEF-0092,4,0,4,4,YES,DISPLAY_ONLY,"All four slots have value, method, and at least one evidence URL."
INIT-0093,Collaborate with suppliers to reduce packaging impacts across the supply chain,Supply Chain,Packaging,CCF-0093,CPF-0093,CTF-0093,CEF-0093,4,0,4,4,YES,DISPLAY_ONLY,"All four slots have value, method, and at least one evidence URL."
INIT-0094,Use dispense or refill systems for drinks rather than single-use packaging,Supply Chain,Packaging,CCF-0094,CPF-0094,CTF-0094,CEF-0094,4,0,4,4,YES,DISPLAY_ONLY,"All four slots have value, method, and at least one evidence URL."
INIT-0095,Undertake life cycle assessment (LCA) of packaging to understand its full environmental impact,Supply Chain,Packaging,CCF-0095,CPF-0095,CTF-0095,CEF-0095,4,0,4,4,YES,DISPLAY_ONLY,"All four slots have value, method, and at least one evidence URL."
INIT-0096,Eliminate single-use plastic items from operations,Supply Chain,Packaging,CCF-0096,CPF-0096,CTF-0096,CEF-0096,4,0,4,4,YES,DISPLAY_ONLY,"All four slots have value, method, and at least one evidence URL."
INIT-0097,Increase recycled content in packaging materials,Supply Chain,Packaging,CCF-0097,CPF-0097,CTF-0097,CEF-0097,4,0,4,4,YES,DISPLAY_ONLY,"All four slots have value, method, and at least one evidence URL."
INIT-0098,Evaluate equipment purchases based on full life-cycle cost and environmental impact,Supply Chain,Capital Goods,CCF-0098,CPF-0098,CTF-0098,CEF-0098,4,0,4,4,YES,DISPLAY_ONLY,"All four slots have value, method, and at least one evidence URL."
INIT-0099,Shift from equipment ownership to service or leasing models,Supply Chain,Capital Goods,CCF-0099,CPF-0099,CTF-0099,CEF-0099,4,0,4,4,YES,DISPLAY_ONLY,"All four slots have value, method, and at least one evidence URL."
INIT-0100,"Prioritise reused, refurbished and responsibly sourced furniture and fittings",Supply Chain,Capital Goods,CCF-0100,CPF-0100,CTF-0100,CEF-0100,4,0,4,4,YES,DISPLAY_ONLY,"All four slots have value, method, and at least one evidence URL."
INIT-0101,"Extend equipment life and manage WEEE through repair, refurbishment, reuse and responsible recycling",Supply Chain,Capital Goods,CCF-0101,CPF-0101,CTF-0101,CEF-0101,4,0,4,4,YES,DISPLAY_ONLY,"All four slots have value, method, and at least one evidence URL."
INIT-0102,Set responsible sourcing standards for packaging procurement,Supply Chain,Procurement,CCF-0102,CPF-0102,CTF-0102,CEF-0102,4,0,4,4,YES,DISPLAY_ONLY,"All four slots have value, method, and at least one evidence URL."
INIT-0103,Procure lower-impact staff uniforms and operational textiles,Supply Chain,procurement,CCF-0103,CPF-0103,CTF-0103,CEF-0103,4,0,4,4,YES,DISPLAY_ONLY,"All four slots have value, method, and at least one evidence URL."
INIT-0104,Procure environmentally preferable cleaning products,Supply Chain,procurement,CCF-0104,CPF-0104,CTF-0104,CEF-0104,4,0,4,4,YES,DISPLAY_ONLY,"All four slots have value, method, and at least one evidence URL."
INIT-0105,Reduce office paper use and office consumables,Supply Chain,procurement,CCF-0105,CPF-0105,CTF-0105,CEF-0105,4,0,4,4,YES,DISPLAY_ONLY,"All four slots have value, method, and at least one evidence URL."
INIT-0106,Measure and reduce emissions from purchased goods and services,Supply Chain,procurement,CCF-0106,CPF-0106,CTF-0106,CEF-0106,4,0,4,4,YES,DISPLAY_ONLY,"All four slots have value, method, and at least one evidence URL."
INIT-0107,Adopt recognised certifications for key categories,F&B Procurement & Menu design,Procurement,CCF-0107,CPF-0107,CTF-0107,CEF-0107,4,0,4,4,YES,DISPLAY_ONLY,"All four slots have value, method, and at least one evidence URL."
INIT-0108,Set targets to increase local/regional and seasonal sourcing to reduce transport emissions and support UK producers,F&B Procurement & Menu design,Procurement,CCF-0108,CPF-0108,CTF-0108,CEF-0108,4,0,4,4,YES,DISPLAY_ONLY,"All four slots have value, method, and at least one evidence URL."
INIT-0109,Pilot new sourcing models with innovative/smaller suppliers to diversify supply and de-risk from commodity volatility,F&B Procurement & Menu design,Procurement,CCF-0109,CPF-0109,CTF-0109,CEF-0109,4,0,4,4,YES,DISPLAY_ONLY,"All four slots have value, method, and at least one evidence URL."
INIT-0110,Proportion of plant-based dishes on the menu,F&B Procurement & Menu design,Menu Design,CCF-0110,CPF-0110,CTF-0110,CEF-0110,4,0,4,4,YES,DISPLAY_ONLY,"All four slots have value, method, and at least one evidence URL."
INIT-0111,Procure items sourced from ingredients grown using regenerative practices,F&B Procurement & Menu design,Menu Design,CCF-0111,CPF-0111,CTF-0111,CEF-0111,4,0,4,4,YES,DISPLAY_ONLY,"All four slots have value, method, and at least one evidence URL."
INIT-0112,Design the menu to highlight and nudge customers toward lower-carbon choices,F&B Procurement & Menu design,Menu Design,CCF-0112,CPF-0112,CTF-0112,CEF-0112,4,0,4,4,YES,DISPLAY_ONLY,"All four slots have value, method, and at least one evidence URL."
INIT-0113,Swap high-impact ingredients for lower-impact equivalents where they don't compromise the dish,F&B Procurement & Menu design,Menu Design,CCF-0113,CPF-0113,CTF-0113,CEF-0113,4,0,4,4,YES,DISPLAY_ONLY,"All four slots have value, method, and at least one evidence URL."
INIT-0114,Use nose-to-tail cooking to reduce waste from higher-impact proteins,F&B Procurement & Menu design,Menu Design,CCF-0114,CPF-0114,CTF-0114,CEF-0114,4,0,4,4,YES,DISPLAY_ONLY,"All four slots have value, method, and at least one evidence URL."
INIT-0115,Adjust portion sizes and prep quantities based on waste data,F&B Procurement & Menu design,Menu Design,CCF-0115,CPF-0115,CTF-0115,CEF-0115,4,0,4,4,YES,DISPLAY_ONLY,"All four slots have value, method, and at least one evidence URL."
INIT-0116,Undertake a comprehensive review of emissions and sustainability risk across the supply chain (baseline assessment),Supplier & Value Chain Engagement,Strategy,CCF-0116,CPF-0116,CTF-0116,CEF-0116,4,0,4,4,YES,DISPLAY_ONLY,"All four slots have value, method, and at least one evidence URL."
INIT-0117,Set a Scope 3 emissions reduction target (e.g. aligned to SBTi),Supplier & Value Chain Engagement,Strategy,CCF-0117,CPF-0117,CTF-0117,CEF-0117,4,0,4,4,YES,DISPLAY_ONLY,"All four slots have value, method, and at least one evidence URL."
INIT-0118,"Establish a sustainable procurement policy, approved and sponsored at Board/ExCo level",Supplier & Value Chain Engagement,Strategy,CCF-0118,CPF-0118,CTF-0118,CEF-0118,4,0,4,4,YES,DISPLAY_ONLY,"All four slots have value, method, and at least one evidence URL."
INIT-0119,"Implement a regular cadence of touchpoints between procurement, sustainability, and category teams to drive Responsible Procurement priorities",Supplier & Value Chain Engagement,Strategy,CCF-0119,CPF-0119,CTF-0119,CEF-0119,4,0,4,4,YES,DISPLAY_ONLY,"All four slots have value, method, and at least one evidence URL."
INIT-0120,Build sustainable procurement training and capability into the wider procurement team's professional development,Supplier & Value Chain Engagement,Strategy,CCF-0120,CPF-0120,CTF-0120,CEF-0120,4,0,4,4,YES,DISPLAY_ONLY,"All four slots have value, method, and at least one evidence URL."
INIT-0121,Collect sustainability data from suppliers,Supplier & Value Chain Engagement,Engagement,CCF-0121,CPF-0121,CTF-0121,CEF-0121,4,0,4,4,YES,DISPLAY_ONLY,"All four slots have value, method, and at least one evidence URL."
INIT-0122,Conduct lifecycle assessments (LCA) and collect product carbon footprints on key commodities to understand emissions at ingredient level,Supplier & Value Chain Engagement,Engagement,CCF-0122,CPF-0122,CTF-0122,CEF-0122,4,0,4,4,YES,DISPLAY_ONLY,"All four slots have value, method, and at least one evidence URL."
INIT-0123,Set supplier-facing requirements (Supplier codes of conduct) and communicate shared targets,Supplier & Value Chain Engagement,Engagement,CCF-0123,CPF-0123,CTF-0123,CEF-0123,4,0,4,4,YES,DISPLAY_ONLY,"All four slots have value, method, and at least one evidence URL."
INIT-0124,Use a supplier scorecard to track performance and prioritise engagement with material suppliers,Supplier & Value Chain Engagement,Engagement,CCF-0124,CPF-0124,CTF-0124,CEF-0124,4,0,4,4,YES,DISPLAY_ONLY,"All four slots have value, method, and at least one evidence URL."
INIT-0125,"Provide a tailored supplier engagement strategy for material/priority suppliers (segmented by spend, risk, and emissions contribution)",Supplier & Value Chain Engagement,Engagement,CCF-0125,CPF-0125,CTF-0125,CEF-0125,4,0,4,4,YES,DISPLAY_ONLY,"All four slots have value, method, and at least one evidence URL."
INIT-0126,"Incentivise supplier progress (e.g. preferred status, longer contracts)",Supplier & Value Chain Engagement,Engagement,CCF-0126,CPF-0126,CTF-0126,CEF-0126,4,0,4,4,YES,DISPLAY_ONLY,"All four slots have value, method, and at least one evidence URL."
INIT-0127,Co-invest with suppliers in decarbonisation or regenerative agriculture projects (e.g. insetting programmes),Supplier & Value Chain Engagement,Engagement,CCF-0127,CPF-0127,CTF-0127,CEF-0127,4,0,4,4,YES,DISPLAY_ONLY,"All four slots have value, method, and at least one evidence URL."
INIT-0128,"Map supply chains beyond Tier 1 (Tier 2/3, down to farm/origin level) for material (High-spend, high-carbon and/or high-risk commodities)",Supplier & Value Chain Engagement,Risk Anaysis,CCF-0128,CPF-0128,CTF-0128,CEF-0128,4,0,4,4,YES,DISPLAY_ONLY,"All four slots have value, method, and at least one evidence URL."
INIT-0129,"Map exposure to forest-risk commodities (soy, palm oil, cocoa, coffee, beef/leather, rubber, timber/paper & packaging)",Supplier & Value Chain Engagement,Deforestation,CCF-0129,CPF-0129,CTF-0129,CEF-0129,4,0,4,4,YES,DISPLAY_ONLY,"All four slots have value, method, and at least one evidence URL."
INIT-0130,Set a deforestation-free sourcing commitment and require traceability to origin,Supplier & Value Chain Engagement,Deforestation,CCF-0130,CPF-0130,CTF-0130,CEF-0130,4,0,4,4,YES,DISPLAY_ONLY,"All four slots have value, method, and at least one evidence URL."
INIT-0131,"Source certified sustainable commodities (e.g. RSPO for palm oil, Rainforest Alliance/UTZ or 4C for coffee and cocoa, FSC/PEFC for timber and paper-based packaging)",Supplier & Value Chain Engagement,Deforestation,CCF-0131,CPF-0131,CTF-0131,CEF-0131,4,0,4,4,YES,DISPLAY_ONLY,"All four slots have value, method, and at least one evidence URL."
INIT-0132,Establish corporate travel policies that prioritise lower carbon transport,Supply Chain,Transport and Distribution,CCF-0132,CPF-0132,CTF-0132,CEF-0132,4,0,4,4,YES,DISPLAY_ONLY,"All four slots have value, method, and at least one evidence URL."
INIT-0133,Provide infrastructure and incentives for low-carbon guest travel,Supply Chain,Transport and Distribution,CCF-0133,CPF-0133,CTF-0133,CEF-0133,4,0,4,4,YES,DISPLAY_ONLY,"All four slots have value, method, and at least one evidence URL."
INIT-0134,Commission specialist assessments for on-farm emissions hotspots in the top three commodities,Nature & Resources,Nature & Biodiversity – Supplier Engagement,CCF-0134,CPF-0134,CTF-0134,CEF-0134,4,0,4,0,YES,DISPLAY_ONLY,"One or more slots are missing a published value, method, and/or evidence URL. See Factor Gap Register."
INIT-0135,Publish a biodiversity policy with named targets and owner,Nature & Resources,Nature & Biodiversity – Biodiversity,CCF-0135,CPF-0135,CTF-0135,CEF-0135,4,0,4,0,YES,DISPLAY_ONLY,"One or more slots are missing a published value, method, and/or evidence URL. See Factor Gap Register."
INIT-0136,Ensure compliance with Biodiversity Net Gain (BNG) requirements,Nature & Resources,Nature & Biodiversity – Biodiversity,CCF-0136,CPF-0136,CTF-0136,CEF-0136,4,0,4,0,YES,DISPLAY_ONLY,"One or more slots are missing a published value, method, and/or evidence URL. See Factor Gap Register."
INIT-0137,Engage priority suppliers by spend on biodiversity and request a formal response within 90 days,Nature & Resources,Nature & Biodiversity – Biodiversity,CCF-0137,CPF-0137,CTF-0137,CEF-0137,4,0,4,0,YES,DISPLAY_ONLY,"One or more slots are missing a published value, method, and/or evidence URL. See Factor Gap Register."
INIT-0138,Undertake a TNFD review,Nature & Resources,Nature & Biodiversity – Biodiversity,CCF-0138,CPF-0138,CTF-0138,CEF-0138,4,0,4,0,YES,DISPLAY_ONLY,"One or more slots are missing a published value, method, and/or evidence URL. See Factor Gap Register."
INIT-0139,Fund a named biodiversity protection or restoration programme with annual investment and independent verification,Nature & Resources,Nature & Biodiversity – Biodiversity,CCF-0139,CPF-0139,CTF-0139,CEF-0139,4,0,4,0,YES,DISPLAY_ONLY,"One or more slots are missing a published value, method, and/or evidence URL. See Factor Gap Register."
INIT-0140,Complete a water efficiency audit across all kitchen and bathroom fixtures and implement identified measures within 12 months,Nature & Resources,Water Management – Water,CCF-0140,CPF-0140,CTF-0140,CEF-0140,4,0,4,0,YES,DISPLAY_ONLY,"One or more slots are missing a published value, method, and/or evidence URL. See Factor Gap Register."
INIT-0141,"Complete a formal water risk assessment for all owned sites and top 10 suppliers by spend, with a mitigation plan for each identified risk",Nature & Resources,Water Management – Water,CCF-0141,CPF-0141,CTF-0141,CEF-0141,4,0,4,0,YES,DISPLAY_ONLY,"One or more slots are missing a published value, method, and/or evidence URL. See Factor Gap Register."
INIT-0142,Recycle rainwater and grey water,Nature & Resources,Water Management – Water,CCF-0142,CPF-0142,CTF-0142,CEF-0142,4,0,4,0,YES,DISPLAY_ONLY,"One or more slots are missing a published value, method, and/or evidence URL. See Factor Gap Register."
INIT-0143,Self-supply water direct from the wholesale water market,Nature & Resources,Water Management – Water,CCF-0143,CPF-0143,CTF-0143,CEF-0143,4,0,4,0,YES,DISPLAY_ONLY,"One or more slots are missing a published value, method, and/or evidence URL. See Factor Gap Register."
INIT-0144,Complete supply chain water mapping covering top 5 commodities by estimated water use,Nature & Resources,Water Management – Water,CCF-0144,CPF-0144,CTF-0144,CEF-0144,4,0,4,0,YES,DISPLAY_ONLY,"One or more slots are missing a published value, method, and/or evidence URL. See Factor Gap Register."
INIT-0145,Use high-efficiency shower and faucet aerators,Nature & Resources,Water Management – Water,CCF-0145,CPF-0145,CTF-0145,CEF-0145,4,0,4,0,YES,DISPLAY_ONLY,"One or more slots are missing a published value, method, and/or evidence URL. See Factor Gap Register."
INIT-0146,Optimise hot liquor use,Nature & Resources,Water Management – Brewing,CCF-0146,CPF-0146,CTF-0146,CEF-0146,4,0,4,0,YES,DISPLAY_ONLY,"One or more slots are missing a published value, method, and/or evidence URL. See Factor Gap Register."
INIT-0147,Optimise CIP wash temperature,Nature & Resources,Water Management – Brewing,CCF-0147,CPF-0147,CTF-0147,CEF-0147,4,0,4,0,YES,DISPLAY_ONLY,"One or more slots are missing a published value, method, and/or evidence URL. See Factor Gap Register."
INIT-0148,Reduce water temp in laundry; and line dry linens where possible,Nature & Resources,Water Management – Brewing,CCF-0148,CPF-0148,CTF-0148,CEF-0148,4,0,4,0,YES,DISPLAY_ONLY,"One or more slots are missing a published value, method, and/or evidence URL. See Factor Gap Register."
INIT-0149,Conduct a waste characterisation assessment,Nature & Resources,Waste & Circularity – Waste Management,CCF-0149,CPF-0149,CTF-0149,CEF-0149,4,0,4,0,YES,DISPLAY_ONLY,"One or more slots are missing a published value, method, and/or evidence URL. See Factor Gap Register."
INIT-0150,"Set a documented food waste reduction target with a baseline year, an interim milestone, and a final target date",Nature & Resources,Waste & Circularity – Waste Management,CCF-0150,CPF-0150,CTF-0150,CEF-0150,4,0,4,0,YES,DISPLAY_ONLY,"One or more slots are missing a published value, method, and/or evidence URL. See Factor Gap Register."
INIT-0151,Segregate food waste for composting or Anaerobic Digestion,Nature & Resources,Waste & Circularity – Waste Management,CCF-0151,CPF-0151,CTF-0151,CEF-0151,4,0,4,0,YES,DISPLAY_ONLY,"One or more slots are missing a published value, method, and/or evidence URL. See Factor Gap Register."
INIT-0152,Distribute Surplus Food via a credible distribution partner,Nature & Resources,Waste & Circularity – Waste Management,CCF-0152,CPF-0152,CTF-0152,CEF-0152,4,0,4,0,YES,DISPLAY_ONLY,"One or more slots are missing a published value, method, and/or evidence URL. See Factor Gap Register."
INIT-0153,Complete a circularity audit covering the top three waste streams by volume and identify at least one viable circular option per stream within 90 days,Nature & Resources,Waste & Circularity – Waste Management,CCF-0153,CPF-0153,CTF-0153,CEF-0153,4,0,4,0,YES,DISPLAY_ONLY,"One or more slots are missing a published value, method, and/or evidence URL. See Factor Gap Register."
INIT-0154,Train operational teams to reduce production waste and measure pre/post-training waste performance,Nature & Resources,Waste & Circularity – Waste Management,CCF-0154,CPF-0154,CTF-0154,CEF-0154,4,0,4,0,YES,DISPLAY_ONLY,"One or more slots are missing a published value, method, and/or evidence URL. See Factor Gap Register."
INIT-0155,Quantify your food waste,Nature & Resources,Waste & Circularity – Waste Management,CCF-0155,CPF-0155,CTF-0155,CEF-0155,4,0,4,0,YES,DISPLAY_ONLY,"One or more slots are missing a published value, method, and/or evidence URL. See Factor Gap Register."
INIT-0156,Extend the life of your cooking oil,Nature & Resources,Waste & Circularity – Waste Management,CCF-0156,CPF-0156,CTF-0156,CEF-0156,4,0,4,0,YES,DISPLAY_ONLY,"One or more slots are missing a published value, method, and/or evidence URL. See Factor Gap Register."
INIT-0157,Recycle your used cooking oil at end of life,Nature & Resources,Waste & Circularity – Waste Management,CCF-0157,CPF-0157,CTF-0157,CEF-0157,4,0,4,0,YES,DISPLAY_ONLY,"One or more slots are missing a published value, method, and/or evidence URL. See Factor Gap Register."
INIT-0158,Process food waste on-site,Nature & Resources,Waste & Circularity – Waste Management,CCF-0158,CPF-0158,CTF-0158,CEF-0158,4,0,4,0,YES,DISPLAY_ONLY,"One or more slots are missing a published value, method, and/or evidence URL. See Factor Gap Register."
INIT-0159,Recycle and responsibly dispose of staff uniforms at end-of-life,Nature & Resources,Waste & Circularity – Waste Management,CCF-0159,CPF-0159,CTF-0159,CEF-0159,4,0,4,0,YES,DISPLAY_ONLY,"One or more slots are missing a published value, method, and/or evidence URL. See Factor Gap Register."
INIT-0160,Switch to lower-impact takeaway packaging,Nature & Resources,Waste & Circularity – Packaging,CCF-0160,CPF-0160,CTF-0160,CEF-0160,4,0,4,0,YES,DISPLAY_ONLY,"One or more slots are missing a published value, method, and/or evidence URL. See Factor Gap Register."
INIT-0161,"Support and encourage employees in choosing low-carbon commuting alternatives (e.g. cycle to work, public transport)",Supply Chain,Transport and Distribution,CCF-0161,CPF-0161,CTF-0161,CEF-0161,0,4,0,0,YES,DISPLAY_ONLY,"One or more slots are missing a published value, method, and/or evidence URL. See Factor Gap Register."
INIT-0162,Transition company owned fleet vehicles to low-carbon alternatives at end of life,Supply Chain,Transport and Distribution,CCF-0162,CPF-0162,CTF-0162,CEF-0162,0,4,0,0,YES,DISPLAY_ONLY,"One or more slots are missing a published value, method, and/or evidence URL. See Factor Gap Register."
INIT-0163,Reduce emissions from delivery and distribution by improving fleet efficiency before the journey,Supply Chain,Transport and Distribution,CCF-0163,CPF-0163,CTF-0163,CEF-0163,0,4,0,0,NO,DISPLAY_ONLY,"One or more slots are missing a published value, method, and/or evidence URL. See Factor Gap Register."
INIT-0164,Reduce emissions from delivery and distribution by improving fleet efficiency during and after the journey,Supply Chain,Transport and Distribution,CCF-0164,CPF-0164,CTF-0164,CEF-0164,0,4,0,0,NO,DISPLAY_ONLY,"One or more slots are missing a published value, method, and/or evidence URL. See Factor Gap Register."
INIT-0165,Reduce emissions from delivery and distribution by engaging with suppliers,Supply Chain,Transport and Distribution,CCF-0165,CPF-0165,CTF-0165,CEF-0165,0,4,0,0,NO,DISPLAY_ONLY,"One or more slots are missing a published value, method, and/or evidence URL. See Factor Gap Register."
INIT-0166,Reduce emissions from customer delivery,Supply Chain,Transport and Distribution,CCF-0166,CPF-0166,CTF-0166,CEF-0166,0,4,0,0,NO,DISPLAY_ONLY,"One or more slots are missing a published value, method, and/or evidence URL. See Factor Gap Register."
INIT-0167,Install EV Charging Infrastructure at Depots and Distribution Hubs,Supply Chain,Transport and Distribution,CCF-0167,CPF-0167,CTF-0167,CEF-0167,0,4,0,0,NO,DISPLAY_ONLY,"One or more slots are missing a published value, method, and/or evidence URL. See Factor Gap Register."
INIT-0168,Install a filtered water system to avoid bottled water.,Nature & Resources,Water Management – Water,CCF-0168,CPF-0168,CTF-0168,CEF-0168,0,4,0,0,YES,DISPLAY_ONLY,"One or more slots are missing a published value, method, and/or evidence URL. See Factor Gap Register."
INIT-0169,Procure water sustainably.,Nature & Resources,Water Management – Water,CCF-0169,CPF-0169,CTF-0169,CEF-0169,0,4,0,0,YES,DISPLAY_ONLY,"One or more slots are missing a published value, method, and/or evidence URL. See Factor Gap Register."
INIT-0170,Publish a water reduction policy with targets for water-stressed regions,Nature & Resources,Water Management – Water,CCF-0170,CPF-0170,CTF-0170,CEF-0170,0,4,0,0,NO,DISPLAY_ONLY,"One or more slots are missing a published value, method, and/or evidence URL. See Factor Gap Register."
INIT-0171,Recycle equipment at end-of-life,Nature & Resources,Waste & Circularity – Waste Management,CCF-0171,CPF-0171,CTF-0171,CEF-0171,0,4,0,0,YES,DISPLAY_ONLY,"One or more slots are missing a published value, method, and/or evidence URL. See Factor Gap Register."
INIT-0172,Promote takeaway options for unfinished food,Nature & Resources,Waste & Circularity – Waste Management,CCF-0172,CPF-0172,CTF-0172,CEF-0172,0,4,0,0,YES,DISPLAY_ONLY,"One or more slots are missing a published value, method, and/or evidence URL. See Factor Gap Register."
INIT-0173,"Reduce active menu SKU count by a defined %, and measure the impact on food waste per cover over the following 90 days",Nature & Resources,Waste & Circularity – Waste Management,CCF-0173,CPF-0173,CTF-0173,CEF-0173,0,4,0,0,YES,DISPLAY_ONLY,"One or more slots are missing a published value, method, and/or evidence URL. See Factor Gap Register."
INIT-0174,Responsibly dispose off or donate furniture and fittings at end-of-life,Nature & Resources,Waste & Circularity – Waste Management,CCF-0174,CPF-0174,CTF-0174,CEF-0174,0,4,0,0,YES,DISPLAY_ONLY,"One or more slots are missing a published value, method, and/or evidence URL. See Factor Gap Register."
INIT-0175,Deploy [named technology] to monitor [named waste stream] and use data to reduce [waste type] by [target %] within 12 months,Nature & Resources,Waste & Circularity – Waste Management,CCF-0175,CPF-0175,CTF-0175,CEF-0175,0,4,0,0,YES,DISPLAY_ONLY,"One or more slots are missing a published value, method, and/or evidence URL. See Factor Gap Register."
INIT-0176,Join the plastics pact,Nature & Resources,Waste & Circularity – Packaging,CCF-0176,CPF-0176,CTF-0176,CEF-0176,0,4,0,0,NO,DISPLAY_ONLY,"One or more slots are missing a published value, method, and/or evidence URL. See Factor Gap Register."
INIT-0177,"Design for reusability, removing single-use items and therefore reducing overall waste produced",Nature & Resources,Waste & Circularity – Packaging,CCF-0177,CPF-0177,CTF-0177,CEF-0177,0,4,0,0,YES,DISPLAY_ONLY,"One or more slots are missing a published value, method, and/or evidence URL. See Factor Gap Register."
INIT-0178,Install an anaerobic digestion plant to recover biogas,Nature & Resources,Waste & Circularity – Brewing,CCF-0178,CPF-0178,CTF-0178,CEF-0178,0,4,0,0,YES,DISPLAY_ONLY,"One or more slots are missing a published value, method, and/or evidence URL. See Factor Gap Register."
INIT-0179,Minimise extract losses and product wastage,Nature & Resources,Waste & Circularity – Brewing,CCF-0179,CPF-0179,CTF-0179,CEF-0179,0,4,0,0,YES,DISPLAY_ONLY,"One or more slots are missing a published value, method, and/or evidence URL. See Factor Gap Register."
