Case_Source_ID,Case_ID,Initiative_ID,Sort_Order,Label,Source_URL,Source_Host
CASE-0001-S01,CASE-0001,INIT-0001,1,Whitbread ESG Report,https://www.whitbread.co.uk/esg-report/,whitbread.co.uk
CASE-0001-S02,CASE-0001,INIT-0001,2,McDonald’s UK Net-Zero Restaurant,https://www.mcdonalds.com/gb/en-gb/newsroom/article/uk_net_zero_carbon.html,mcdonalds.com
CASE-0002-S01,CASE-0002,INIT-0002,1,Optimised Radisson Blu Case Study,https://www.optimised.net/services/case-studies/radisson-blu,optimised.net
CASE-0002-S02,CASE-0002,INIT-0002,2,Better Buildings Partnership York House Case,https://www.betterbuildingspartnership.co.uk/sites/default/files/media/attachment/BBP%20Green%20Building%20Managment%20Toolkit.pdf,betterbuildingspartnership.co.uk
CASE-0003-S01,CASE-0003,INIT-0003,1,Energy Technology List Coplow Centre Case,https://etl.energysecurity.gov.uk/news-events/news/evidence-efficiency-case-studies-real-world-impact-etl-listed-products,etl.energysecurity.gov.uk
CASE-0003-S02,CASE-0003,INIT-0003,2,Optimised Radisson Blu Case Study,https://www.optimised.net/services/case-studies/radisson-blu,optimised.net
CASE-0003-S03,CASE-0003,INIT-0003,3,"Soewono et al. (2023), Engineering and Applied Science Research",https://ph01.tci-thaijo.org/index.php/easr/article/view/252559,ph01.tci-thaijo.org
CASE-0003-S04,CASE-0003,INIT-0003,4,Trane Wendy’s HVAC Case Study,https://www.trane.com/commercial/north-america/us/en/about-us/newsroom/case-studies/retail/Wendys.html,trane.com
CASE-0004-S01,CASE-0004,INIT-0004,1,"Lisini Pub Co SmartDispense case, Scottish Licensed Trade News",https://sltn.co.uk/2026/06/03/heineken-smartdispense-is-making-a-difference-at-lisini/,sltn.co.uk
CASE-0004-S02,CASE-0004,INIT-0004,2,"Star Pubs and Bars SmartDispense case, Morning Advertiser",https://www.morningadvertiser.co.uk/Article/2015/05/28/Star-Pubs-and-Bars-sales-up-8-thanks-to-Smart-Dispense/,morningadvertiser.co.uk
CASE-0004-S03,CASE-0004,INIT-0004,3,Bluestone National Park Resort SmartDispense case,https://www.clubcricket.org.uk/news/heineken-celebrating-sustainable-operators-in-the-on-trade-copy,clubcricket.org.uk
CASE-0004-S04,CASE-0004,INIT-0004,4,Crucible Corner Carlsberg Quality Dispense System case,https://carlsbergid.co.uk/cqds,carlsbergid.co.uk
CASE-0005-S01,CASE-0005,INIT-0005,1,The Folly Energy Saving Recommendations Report,https://oxfutures.org/wp-content/uploads/2020/12/The-Folly-Energy-Saving-Recommendations-Report-FINAL.pdf,oxfutures.org
CASE-0005-S02,CASE-0005,INIT-0005,2,Hospitality Sector Council Energy Saving Guidance,https://hospitalitysectorcouncil.org/media/kjxbw0id/hospitality-sector-councilenergy-savingguidance.pdf,hospitalitysectorcouncil.org
CASE-0005-S03,CASE-0005,INIT-0005,3,Stonegate Pub Company and Technik2 Energy Solutions,https://www.stonegategroup.co.uk/press/stonegate-pub-company-in-partnership-with-technik2-energy-solutions/,stonegategroup.co.uk
CASE-0005-S04,CASE-0005,INIT-0005,4,Best Practices Guide for Hotels,https://www.bhahotels.com/wp-content/uploads/2009/06/best-practices-guide.pdf,bhahotels.com
CASE-0005-S05,CASE-0005,INIT-0005,5,"National Hamburger QSR case, eViewIoT",https://eviewiot.com/hamburger-qsr/,eviewiot.com
CASE-0006-S01,CASE-0006,INIT-0006,1,Energy Technology List Wetherspoon Case,https://etl.energysecurity.gov.uk/case-studies/quintex-helps-slash-energy-consumption-wetherspoons-pub,etl.energysecurity.gov.uk
CASE-0006-S02,CASE-0006,INIT-0006,2,Trane Wendy’s HVAC Case Study,https://www.trane.com/commercial/north-america/us/en/about-us/newsroom/case-studies/retail/Wendys.html,trane.com
CASE-0006-S03,CASE-0006,INIT-0006,3,Leicester City Council Pool VSD Case,https://www.leicester.gov.uk/media/e3dnjnr3/4f-leicester-vsd-0223.pdf,leicester.gov.uk
CASE-0007-S01,CASE-0007,INIT-0007,1,UK Government Yeo Valley Heat Recovery Case,https://assets.publishing.service.gov.uk/media/611b863e8fa8f53dc88ae8b7/ihrs-case-study-yeo-valley.pdf,assets.publishing.service.gov.uk
CASE-0007-S02,CASE-0007,INIT-0007,2,Hospitality Sector Council Burger King Innovation Case,https://hospitalitysectorcouncil.org/news/enjay-and-burger-king-innovation-case-study/,hospitalitysectorcouncil.org
CASE-0008-S01,CASE-0008,INIT-0008,1,Energy Technology List Leadenhall Autoflame Case,https://etl.energysecurity.gov.uk/case-studies/autoflame-burner-controllers-save-energy-londons-leadenhall-building-and-nhs,etl.energysecurity.gov.uk
CASE-0009-S01,CASE-0009,INIT-0009,1,Minnesota Hotel DHW Recirculation Study,https://www.mncee.org/sites/default/files/report-files/522971.pdf,mncee.org
CASE-0009-S02,CASE-0009,INIT-0009,2,Symmons Hampton Inn DHW System Failure Case,https://discover.symmons.com/wp-content/uploads/2020/03/evolution-system-failure-case-study-03.02.20.pdf,discover.symmons.com
CASE-0010-S01,CASE-0010,INIT-0010,1,U.S. GSA Advanced Power Strips Findings,https://www.gsa.gov/system/files/GPG003-Advanced%20Power%20Strips-Findings-508R.pdf,gsa.gov
CASE-0010-S02,CASE-0010,INIT-0010,2,U.S. DOE Shari’s Café & Pies Case,https://betterbuildingssolutioncenter.energy.gov/implementation-models/easy-pie-sharis-cafe-and-pies-drives-energy-savings-through-employee-behavior,betterbuildingssolutioncenter.energy.gov
CASE-0011-S01,CASE-0011,INIT-0011,1,U.S. DOE CCAC Computer Power Management,https://betterbuildingssolutioncenter.energy.gov/implementation-models/ccac-computer-power-management,betterbuildingssolutioncenter.energy.gov
CASE-0011-S02,CASE-0011,INIT-0011,2,California Energy Commission Smart Plug Load Controls,https://www.energy.ca.gov/publications/2025/smart-plug-load-controls-integrated-building-energy-management-systems,energy.ca.gov
CASE-0012-S01,CASE-0012,INIT-0012,1,ACEEE Hyatt Place Elevator Case,https://www.aceee.org/sites/default/files/publications/researchreports/a1501.pdf,aceee.org
CASE-0012-S02,CASE-0012,INIT-0012,2,Columbus McKinnon Emily Morgan Hotel Case,https://www.cmco.com/en-sx/resources/case-studies-listing-page/emily-morgan-hotel-realizes-rebates-with-quattro-drives/,cmco.com
CASE-0013-S01,CASE-0013,INIT-0013,1,Leicester City Council Pool VSD Case,https://www.leicester.gov.uk/media/e3dnjnr3/4f-leicester-vsd-0223.pdf,leicester.gov.uk
CASE-0013-S02,CASE-0013,INIT-0013,2,Hong Kong Polytechnic University Hotel Pool Heat Pump Case,https://research.polyu.edu.hk/en/publications/energy-saving-supporting-tourism-sustainability-a-case-study-of-h/,research.polyu.edu.hk
CASE-0014-S01,CASE-0014,INIT-0014,1,CCAC Low-GWP Commercial Refrigeration Cases,https://www.ccacoalition.org/sites/default/files/resources/files/2015_11_case-studies-low-gwp-commercial-refrigeration-technologies.pdf,ccacoalition.org
CASE-0014-S02,CASE-0014,INIT-0014,2,Natural Resources Canada Loblaw CO₂ Refrigeration Case,https://natural-resources.canada.ca/maps-tools-publications/publications/co2-cold-distribution-loblaw-supermarket,natural-resources.canada.ca
CASE-0015-S01,CASE-0015,INIT-0015,1,Shropshire Commercial Refrigeration Guide,https://next.shropshire.gov.uk/media/4555/refrigeration_guide.pdf,next.shropshire.gov.uk
CASE-0015-S02,CASE-0015,INIT-0015,2,AKO Grocery Chain Refrigerant Leak Detection Case,https://monitoring.ako.com/casos-de-exito/success-story-retail-food-distribution/,monitoring.ako.com
CASE-0016-S01,CASE-0016,INIT-0016,1,Facilio HelloFresh Refrigerant Compliance Case,https://facilio.com/newsroom/hellofresh-facilio-press-release/,facilio.com
CASE-0016-S02,CASE-0016,INIT-0016,2,Bueno Analytics Woolworths Refrigerant Leak Case,https://buenoanalytics.com/case-study/woolworths-case-study-refrigerant-leak-detection/,buenoanalytics.com
CASE-0017-S01,CASE-0017,INIT-0017,1,UK Government WEEE Refrigerant Recovery Guidance,https://www.gov.uk/guidance/waste-electrical-and-electronic-equipment-weee-refrigerant-recovery-monitoring,gov.uk
CASE-0017-S02,CASE-0017,INIT-0017,2,Carrier University of Rochester Refrigerant Destruction Case,https://www.carrier.com/commercial/en/us/literature/case-studies/education/u-of-r/,carrier.com
CASE-0018-S01,CASE-0018,INIT-0018,1,Energy Technology List Greene King Case,https://etl.energysecurity.gov.uk/case-studies/etl-approved-rhino-products-keep-drinks-cool-punch-and-judy-pub,etl.energysecurity.gov.uk
CASE-0018-S02,CASE-0018,INIT-0018,2,Dorset Council Washingpool Farm Case,https://www.dorsetcouncil.gov.uk/w/washingpool-farm-shop,dorsetcouncil.gov.uk
CASE-0019-S01,CASE-0019,INIT-0019,1,IESO Freezer Setpoint Research Study,https://www.ieso.ca/-/media/Files/IESO/Document-Library/research/CC-Energy-Efficiency-Studies-and-Demonstrations-2019-04-25,ieso.ca
CASE-0020-S01,CASE-0020,INIT-0020,1,Energy Saving Trust Outdoor Heating Comparison,https://energysavingtrust.org.uk/summer-energy-saving/,energysavingtrust.org.uk
CASE-0021-S01,CASE-0021,INIT-0021,1,UKGBC Entopia Building Case,https://ukgbc.org/resources/the-entopia-building/,ukgbc.org
CASE-0021-S02,CASE-0021,INIT-0021,2,McDonald’s UK Net-Zero Restaurant,https://www.mcdonalds.com/gb/en-gb/newsroom/article/uk_net_zero_carbon.html,mcdonalds.com
CASE-0022-S01,CASE-0022,INIT-0022,1,McDonald’s UK Net-Zero Restaurant,https://www.mcdonalds.com/gb/en-gb/newsroom/article/uk_net_zero_carbon.html,mcdonalds.com
CASE-0022-S02,CASE-0022,INIT-0022,2,UKGBC Entopia Building Case,https://ukgbc.org/resources/the-entopia-building/,ukgbc.org
CASE-0023-S01,CASE-0023,INIT-0023,1,McDonald’s UK Net-Zero Restaurant,https://www.mcdonalds.com/gb/en-gb/newsroom/article/uk_net_zero_carbon.html,mcdonalds.com
CASE-0023-S02,CASE-0023,INIT-0023,2,RICS Whole Life Carbon Assessment Standard,https://www.rics.org/content/dam/ricsglobal/documents/standards/Whole_life_carbon_assessment_PS_Sept23.pdf,rics.org
CASE-0024-S01,CASE-0024,INIT-0024,1,McDonald’s UK Net-Zero Restaurant,https://www.mcdonalds.com/gb/en-gb/newsroom/article/uk_net_zero_carbon.html,mcdonalds.com
CASE-0024-S02,CASE-0024,INIT-0024,2,RICS Whole Life Carbon Assessment Standard,https://www.rics.org/content/dam/ricsglobal/documents/standards/Whole_life_carbon_assessment_PS_Sept23.pdf,rics.org
CASE-0025-S01,CASE-0025,INIT-0025,1,UKGBC Entopia Building Case,https://ukgbc.org/resources/the-entopia-building/,ukgbc.org
CASE-0025-S02,CASE-0025,INIT-0025,2,University of California Walker Hall Adaptive Reuse Case,https://lowcarbonbuilding.universityofcalifornia.edu/case-studies/walker-hall.html,lowcarbonbuilding.universityofcalifornia.edu
CASE-0026-S01,CASE-0026,INIT-0026,1,UKGBC Timber Square Case,https://ukgbc.org/resources/timber-square/,ukgbc.org
CASE-0026-S02,CASE-0026,INIT-0026,2,Apricity Circular Restaurant Fit-out Case,https://www.apricityrestaurant.com/design,apricityrestaurant.com
CASE-0027-S01,CASE-0027,INIT-0027,1,McDonald’s UK Net-Zero Restaurant,https://www.mcdonalds.com/gb/en-gb/newsroom/article/uk_net_zero_carbon.html,mcdonalds.com
CASE-0027-S02,CASE-0027,INIT-0027,2,Dulux Paint Carbon Data,https://www.duluxdecoratorcentre.co.uk/sustainable-specifications/paint-carbon-data,duluxdecoratorcentre.co.uk
CASE-0027-S03,CASE-0027,INIT-0027,3,Interface Heuga 580 II Product Carbon Data,https://shop.interface.com/GB/en-GB/carpet-tile/heuga-580-ii/1267C.html,shop.interface.com
CASE-0027-S04,CASE-0027,INIT-0027,4,Knauf Rocksilk Flexible Slab EPD,https://knauf.com/api/download-center/v1/assets/b8df2cec-1797-4cc4-8b66-77ae36cd4dcc?country=gb&download=true,knauf.com
CASE-0028-S01,CASE-0028,INIT-0028,1,Energy Technology List Whitbread Refrigeration Case,https://etl.energysecurity.gov.uk/case-studies/adande-refrigeration-helps-whitbread-cut-energy-use-46-percent,etl.energysecurity.gov.uk
CASE-0029-S01,CASE-0029,INIT-0029,1,UKGBC JLL Manchester Fit-Out Case,https://ukgbc.org/resources/jll-manchester-office-fit-out/,ukgbc.org
CASE-0029-S02,CASE-0029,INIT-0029,2,UKGBC Timber Square Case,https://ukgbc.org/resources/timber-square/,ukgbc.org
CASE-0030-S01,CASE-0030,INIT-0030,1,Optimised Radisson Blu Case Study,https://www.optimised.net/services/case-studies/radisson-blu,optimised.net
CASE-0030-S02,CASE-0030,INIT-0030,2,U.S. DOE Hotel Monaco Showcase Project,https://betterbuildingssolutioncenter.energy.gov/showcase-projects/general-services-administration-gsa-hotel-monaco,betterbuildingssolutioncenter.energy.gov
CASE-0031-S01,CASE-0031,INIT-0031,1,Energy Technology List Greene King Case,https://etl.energysecurity.gov.uk/case-studies/etl-approved-rhino-products-keep-drinks-cool-punch-and-judy-pub,etl.energysecurity.gov.uk
CASE-0031-S02,CASE-0031,INIT-0031,2,Carbon Trust Contract Catering Equipment Study,https://www.carbontrust.com/our-work-and-impact/guides-reports-and-tools/industrial-energy-efficiency-contract-catering-sector,carbontrust.com
CASE-0032-S01,CASE-0032,INIT-0032,1,National Gas Metering Hydrogen Kitchen Case,https://www.nationalgas.com/metering/ngm-case-studies/national-gas-metering-develop-worlds-first-hydrogen-powered-commercial,nationalgas.com
CASE-0033-S01,CASE-0033,INIT-0033,1,Better Buildings Partnership York House Case,https://www.betterbuildingspartnership.co.uk/sites/default/files/media/attachment/BBP%20Green%20Building%20Managment%20Toolkit.pdf,betterbuildingspartnership.co.uk
CASE-0034-S01,CASE-0034,INIT-0034,1,Trane Wendy’s HVAC Case Study,https://www.trane.com/commercial/north-america/us/en/about-us/newsroom/case-studies/retail/Wendys.html,trane.com
CASE-0034-S02,CASE-0034,INIT-0034,2,Better Buildings Partnership York House Case,https://www.betterbuildingspartnership.co.uk/sites/default/files/media/attachment/BBP%20Green%20Building%20Managment%20Toolkit.pdf,betterbuildingspartnership.co.uk
CASE-0035-S01,CASE-0035,INIT-0035,1,Better Buildings Partnership York House Case,https://www.betterbuildingspartnership.co.uk/sites/default/files/media/attachment/BBP%20Green%20Building%20Managment%20Toolkit.pdf,betterbuildingspartnership.co.uk
CASE-0035-S02,CASE-0035,INIT-0035,2,Better Buildings Partnership Green Lease Clauses,https://www.betterbuildingspartnership.co.uk/green-lease-toolkit/green-lease-clauses,betterbuildingspartnership.co.uk
CASE-0036-S01,CASE-0036,INIT-0036,1,Better Buildings Partnership York House Case,https://www.betterbuildingspartnership.co.uk/sites/default/files/media/attachment/BBP%20Green%20Building%20Managment%20Toolkit.pdf,betterbuildingspartnership.co.uk
CASE-0037-S01,CASE-0037,INIT-0037,1,Better Buildings Partnership York House Case,https://www.betterbuildingspartnership.co.uk/sites/default/files/media/attachment/BBP%20Green%20Building%20Managment%20Toolkit.pdf,betterbuildingspartnership.co.uk
CASE-0037-S02,CASE-0037,INIT-0037,2,City Energy Project The Coffee House Green Lease Case,https://www.cityenergyproject.org/wp-content/uploads/2018/02/The_Coffee_House_Green_Lease_Case_Study.pdf,cityenergyproject.org
CASE-0038-S01,CASE-0038,INIT-0038,1,GreenPark / Energy & Carbon Management Hotel Operator Case,https://www.greenparkhotelsandresorts.com/portfolio-items/national-hotel-operator-saving-22-in-total-energy-consumption/,greenparkhotelsandresorts.com
CASE-0038-S02,CASE-0038,INIT-0038,2,Iberdrola RIU Hotels Renewable Electricity Agreement,https://www.iberdrola.com/press-room/news/detail/iberdrola-to-supply-green-energy-to-riu-hotels-and-resorts-hotels-and-headquarters-in-spain,iberdrola.com
CASE-0039-S01,CASE-0039,INIT-0039,1,Better Buildings Partnership York House Case,https://www.betterbuildingspartnership.co.uk/sites/default/files/media/attachment/BBP%20Green%20Building%20Managment%20Toolkit.pdf,betterbuildingspartnership.co.uk
CASE-0039-S02,CASE-0039,INIT-0039,2,CIBSE Hollywood House Green Lease Case,https://www.cibse.org/knowledge-research/knowledge-portal/cibse-case-study-green-lease-on-1980s-block/,cibse.org
CASE-0040-S01,CASE-0040,INIT-0040,1,U.S. DOE Wendy’s Franchisee Case,https://betterbuildingssolutioncenter.energy.gov/solutions-at-a-glance/wendys-franchisee-carlisle-llc-improving-energy-efficiency-leading-edge-hvac,betterbuildingssolutioncenter.energy.gov
CASE-0040-S02,CASE-0040,INIT-0040,2,McDonald’s China Green Restaurant Programme,https://www.mcdonalds.com.cn/index/News/greenrestaurant5000,mcdonalds.com.cn
CASE-0041-S01,CASE-0041,INIT-0041,1,"Source: JRP Solutions, ESOS energy audit and compliance - BMI Healthcare case study (consultancy/supplier source, unofficial)",https://www.jrpsolutions.com/case-studies/esos-energy-audit-and-compliance-1,jrpsolutions.com
CASE-0041-S02,CASE-0041,INIT-0041,2,"Source: The Carbon Trust, 'Industrial energy efficiency: Contract catering sector', Industrial Energy Efficiency Accelerator, with Sodexo, Elior, Aramark and Caterlink (independent not-for-profit, first-party to the study)",https://www.carbontrust.com/our-work-and-impact/guides-reports-and-tools/industrial-energy-efficiency-contract-catering-sector,carbontrust.com
CASE-0042-S01,CASE-0042,INIT-0042,1,"Sources: edie.net, 'Premier Inn installs UK's first hotel-based energy storage unit', January 2019 (third-party trade press, unofficial - not a company disclosure)",https://www.edie.net/premier-inn-installs-uks-first-hotel-based-energy-storage-unit/,edie.net
CASE-0042-S02,CASE-0042,INIT-0042,2,"Energy-Storage.News, 'E.On supplies and manages UK's first battery install at major hotel chain' (trade press, partially paywalled; corroborates the above and adds the grid-services and remote-operation detail)",https://www.energy-storage.news/e-on-supplies-and-manages-uks-first-battery-install-at-major-hotel-chain/,energy-storage.news
CASE-0043-S01,CASE-0043,INIT-0043,1,"Source: SaveMoneyCutCarbon, Greene King distribution centre LED case study (installer/supplier source, unofficial)",https://www.savemoneycutcarbon.com/project/greene-king-distribution-centre/,savemoneycutcarbon.com
CASE-0043-S02,CASE-0043,INIT-0043,2,"Vision Linens, How hotels can cut energy costs by using energy-efficient lighting (third-party, unofficial - reports the Travelodge programme)",https://www.visionlinens.com/blog/how-hotels-can-cut-energy-costs-by-using-energy-efficient-lighting,visionlinens.com
CASE-0044-S01,CASE-0044,INIT-0044,1,"Source: Whitbread PLC, 'First all-electric Premier Inn hotel powered entirely by renewables opens in Swindon', 16 October 2023 (official, first-party)",https://www.whitbread.co.uk/first-all-electric-premier-inn-hotel-powered-entirely-by-renewables-opens-in-swindon/,whitbread.co.uk
CASE-0044-S02,CASE-0044,INIT-0044,2,"Source: Fuller, Smith & Turner P.L.C., Journey to Net Zero (official, first-party company website)",https://www.fullers.co.uk/corporate/sustainability/planet/journey-to-net-zero,fullers.co.uk
CASE-0044-S03,CASE-0044,INIT-0044,3,"Source: The Carbon Trust, 'Industrial energy efficiency: Contract catering sector', Industrial Energy Efficiency Accelerator, with Sodexo, Elior, Aramark and Caterlink (independent not-for-profit, first-party to the study)",https://www.carbontrust.com/our-work-and-impact/guides-reports-and-tools/industrial-energy-efficiency-contract-catering-sector,carbontrust.com
CASE-0045-S01,CASE-0045,INIT-0045,1,"Source: CIBSE Journal, 'The winning formula of CIBSE award-winner EndoTherm' (professional-institution journal, third-party editorial; carries the Energy Saving Trust / Atega matched-control trial)",https://www.cibsejournal.com/general/a-winning-formula-cibse-product-of-the-year-endotherm/,cibsejournal.com
CASE-0045-S02,CASE-0045,INIT-0045,2,"Fuller, Smith & Turner P.L.C., Journey to Net Zero (official, first-party; confirmed live August 2026)",https://www.fullers.co.uk/corporate/sustainability/planet/journey-to-net-zero,fullers.co.uk
CASE-0046-S01,CASE-0046,INIT-0046,1,"Sources: Whitbread PLC, Sustainability Report 2025/26, published 29 April 2026 (official, first-party, dated)",https://cdn.whitbread.co.uk/media/2026/05/Whitbread-PLC-Sustainability-Report-2025_26.pdf,cdn.whitbread.co.uk
CASE-0046-S02,CASE-0046,INIT-0046,2,"Whitbread PLC, ESG Report 2024/25 (official, first-party; source of the 759-room and 70%-of-Scope-1 figures)",https://cdn.whitbread.co.uk/media/2025/05/Whitbread-PLC-Environmental-Social-and-Governance-Report-2024-25.pdf,cdn.whitbread.co.uk
CASE-0046-S03,CASE-0046,INIT-0046,3,"Source: Mitchells & Butlers plc, Annual Report 2025 and Respect for the Planet (official, first-party)",https://www.mbplc.com/investors/reports-results/,mbplc.com
CASE-0046-S04,CASE-0046,INIT-0046,4,,https://www.mbplc.com/sustainability/respect-for-the-planet/,mbplc.com
CASE-0047-S01,CASE-0047,INIT-0047,1,"Source: Punch Pubs & Co, Sustainability: Planet (official, first-party)",https://www.punchpubs.com/sustainability/planet/,punchpubs.com
CASE-0047-S02,CASE-0047,INIT-0047,2,"Sources: KBR Energy Saver, Greene King case study, 6 September 2024 (supplier-published, independently monitored and verified by British Independent Utilities across a 27-site pilot)",https://kbrenergysaver.com/2024/09/06/greene-king/,kbrenergysaver.com
CASE-0047-S03,CASE-0047,INIT-0047,3,"British Beer and Pub Association, Energy Saving: Cellar guidance (trade association)",https://mypubsupport.co.uk/public/CJRow2kLo4dgcsrMLDeHkIsV8kUPXrn8/BBPA_Energy+Saving_Cellar.pdf,mypubsupport.co.uk
CASE-0048-S01,CASE-0048,INIT-0048,1,"Source: Mitchells & Butlers plc, Respect for the Planet, and Annual Report 2025 (official, first-party)",https://www.mbplc.com/sustainability/respect-for-the-planet/,mbplc.com
CASE-0048-S02,CASE-0048,INIT-0048,2,,https://www.mbplc.com/investors/reports-results/,mbplc.com
CASE-0048-S03,CASE-0048,INIT-0048,3,"Sources: Whitbread PLC, Sustainability Report 2025/26, published 29 April 2026 (official, first-party, dated)",https://cdn.whitbread.co.uk/media/2026/05/Whitbread-PLC-Sustainability-Report-2025_26.pdf,cdn.whitbread.co.uk
CASE-0048-S04,CASE-0048,INIT-0048,4,"Whitbread PLC, ESG Report 2024/25 (official, first-party; source of the 1,500-room March 2025 comparative)",https://cdn.whitbread.co.uk/media/2025/05/Whitbread-PLC-Environmental-Social-and-Governance-Report-2024-25.pdf,cdn.whitbread.co.uk
CASE-0048-S05,CASE-0048,INIT-0048,5,"Sources: Compass Group UK & Ireland, 'Our Planet Promise', February 2026 (official, first-party)",https://www.compass-group.co.uk/media/1bcfrzax/compass-group-uki-our-planet-promise-feb-2026.pdf,compass-group.co.uk
CASE-0048-S06,CASE-0048,INIT-0048,6,"Compass Group PLC, Sustainability Performance & Reports, including reporting methodology (official, first-party; confirms client kitchen energy is reported under Scope 3 category 3.11, use of sold products)",https://www.compass-group.com/en/sustainability/performance-and-reports.html,compass-group.com
CASE-0049-S01,CASE-0049,INIT-0049,1,"Source: The Morning Advertiser, 'Marston's installs solar at 120 pubs to secure energy prices', 12 May 2025 (trade press reporting a company announcement, third-party)",https://www.morningadvertiser.co.uk/Article/2025/05/12/marstons-installs-solar-at-120-pubs-to-secure-energy-prices/,morningadvertiser.co.uk
CASE-0049-S02,CASE-0049,INIT-0049,2,"Sources: Whitbread PLC, Sustainability Report 2025/26, published 29 April 2026 (official, first-party, dated)",https://cdn.whitbread.co.uk/media/2026/05/Whitbread-PLC-Sustainability-Report-2025_26.pdf,cdn.whitbread.co.uk
CASE-0050-S01,CASE-0050,INIT-0050,1,"Source: Post-evaluation on energy saving reconstruction for hotel buildings, a case study in Jiangsu, China - Energy and Buildings (peer-reviewed academic, independent; non-UK climate zone)",https://www.sciencedirect.com/science/article/abs/pii/S0378778821006009,sciencedirect.com
CASE-0050-S02,CASE-0050,INIT-0050,2,"Sources: Whitbread PLC, Sustainability Report 2025/26, published 29 April 2026 (official, first-party, dated)",https://cdn.whitbread.co.uk/media/2026/05/Whitbread-PLC-Sustainability-Report-2025_26.pdf,cdn.whitbread.co.uk
CASE-0050-S03,CASE-0050,INIT-0050,3,"Stock-scale scenario analysis of retrofit impacts on operational energy demand and carbon emissions in hotels across England and Wales (peer-reviewed academic, independent; UK-specific but modelled, not measured)",https://www.sciencedirect.com/science/article/pii/S0360132326006281,sciencedirect.com
CASE-0050-S04,CASE-0050,INIT-0050,4,"Effects of fabric retrofit insulation in a UK high-rise social housing building on temperature take-back - Building and Environment (peer-reviewed academic, independent; residential, but the best UK evidence on comfort take-back)",https://www.sciencedirect.com/science/article/abs/pii/S037877881734094X,sciencedirect.com
CASE-0050-S05,CASE-0050,INIT-0050,5,"Retrofitting a Grade II Listed Building for Operational Carbon Reduction and Climate Resilience: Inland Revenue Centre, Nottingham - Architecture (peer-reviewed academic, independent; office building, heritage-relevant)",https://doi.org/10.3390/architecture6020071,doi.org
CASE-0051-S01,CASE-0051,INIT-0051,1,"Source: DECC (UK Department of Energy & Climate Change), 'Energy & Emissions Reduction: Case Studies', July 2012 (official, first-party UK government publication)",https://assets.publishing.service.gov.uk/government/uploads/system/uploads/attachment_data/file/185066/energy_and_emissions_reduction_case_studies.pdf,assets.publishing.service.gov.uk
CASE-0051-S02,CASE-0051,INIT-0051,2,"Source: Punch Pubs & Co, Sustainability: Planet (official, first-party; confirmed live August 2026, claims verified against page text)",https://www.punchpubs.com/sustainability/planet/,punchpubs.com
CASE-0051-S03,CASE-0051,INIT-0051,3,"One Source: Stonegate Group, FY25 circular economy and sustainability release (official, first-party; confirmed live August 2026)",https://www.stonegategroup.co.uk/press/uks-largest-pub-company-removes-over-90000-single-use-bottles-from-its-waste-stream-as-part-of-circular-economy-drive/,stonegategroup.co.uk
CASE-0051-S04,CASE-0051,INIT-0051,4,"Sources: Sodexo UK & Ireland, 'Five ways we're supporting clients to reduce carbon' (official, first-party; kitchen sensor technology)",https://uk.sodexo.com/inspired-thinking/insights/5-ways-were-supporting-clients-t-1.html,uk.sodexo.com
CASE-0051-S05,CASE-0051,INIT-0051,5,"Sodexo UK & Ireland, net zero progress report release, 2026 (official, first-party; smarter energy management and asset optimisation)",https://uk.sodexo.com/newsroom/2026/sodexo-net-zero-progress-report,uk.sodexo.com
CASE-0051-S06,CASE-0051,INIT-0051,6,"Compass Group, 'Climate Net Zero 2050' (official, first-party; Compass Group Denmark sustainability dashboard, 50 clients)",https://www.compass-group.com/en/sustainability/planet/climate-net-zero-2050.html,compass-group.com
CASE-0052-S01,CASE-0052,INIT-0052,1,"Source: The Morning Advertiser, 'Marston's installs solar at 120 pubs to secure energy prices', 12 May 2025 (trade press reporting a company announcement, third-party)",https://www.morningadvertiser.co.uk/Article/2025/05/12/marstons-installs-solar-at-120-pubs-to-secure-energy-prices/,morningadvertiser.co.uk
CASE-0052-S02,CASE-0052,INIT-0052,2,"Sources: St Austell Brewery, 'Brewery puts future first with installation of extra 600 solar panels' (official, first-party company blog; Zero Carbon Forum member)",https://staustellbrewery.co.uk/about-us/our-blog/brewery-puts-future-first-with-installation-of-extra-600-solar-panels,staustellbrewery.co.uk
CASE-0052-S03,CASE-0052,INIT-0052,3,"ZLC Energy, St Austell Brewery case study (installer/supplier, St Austell's solar contractor since 2012; 600 kWp, 600,000 kWh/yr, 20% annual ROI)",https://zlcenergy.co.uk/renewable-energy-experts/case-studies/st-austell-brewery-distribution-centre/,zlcenergy.co.uk
CASE-0052-S04,CASE-0052,INIT-0052,4,"Sources: McDonald's UK, 'Market Drayton' - Our Plan for Change (official, first-party; over 110 sqm solar plus two wind turbines)",https://www.mcdonalds.com/gb/en-gb/our-plan-for-change/great-restaurants/market-drayton.html,mcdonalds.com
CASE-0052-S05,CASE-0052,INIT-0052,5,"McDonald's UK, 'UK Net Zero Carbon' newsroom release, 10 December 2021 (official, first-party)",https://www.mcdonalds.com/gb/en-gb/newsroom/article/uk_net_zero_carbon.html,mcdonalds.com
CASE-0053-S01,CASE-0053,INIT-0053,1,"Source: Whitbread PLC, Sustainability Report 2025/26, published 29 April 2026 (official, first-party, dated)",https://cdn.whitbread.co.uk/media/2026/05/Whitbread-PLC-Sustainability-Report-2025_26.pdf,cdn.whitbread.co.uk
CASE-0053-S02,CASE-0053,INIT-0053,2,"Source: Process and Control Today, 'Getting started with voltage optimisation' (trade press citing supplier material, unofficial; source of the Kinnertons result and the voltage-independent share)",https://www.pandct.com/news/getting-started-with-voltage-optimisation-the-energy-saving-technology-youre-not-totally-aware-of,pandct.com
CASE-0054-S01,CASE-0054,INIT-0054,1,Sources,https://theenergyst.com/marstons-to-put-fully-funded-solar-on-120-pub-rooftops/,theenergyst.com
CASE-0054-S02,CASE-0054,INIT-0054,2,,https://www.energy-box.com/post/marston-s-inks-5-4m-deal-to-install-solar-panels-on-120-pub-rooftops,energy-box.com
CASE-0054-S03,CASE-0054,INIT-0054,3,"Source: Whitbread PLC, Sustainability Report 2025/26, published 29 April 2026 (official, first-party, dated; source of the REGO definition)",https://cdn.whitbread.co.uk/media/2026/05/Whitbread-PLC-Sustainability-Report-2025_26.pdf,cdn.whitbread.co.uk
CASE-0054-S04,CASE-0054,INIT-0054,4,"EDF, 'EDF and Whitbread Group PLC agree a 3-year clean renewable energy partnership' (supplier press release announcing a joint agreement - semi-official)",https://www.edfenergy.com/media-centre/edf-and-whitbread-group-plc-agree-3-year-clean-renewable-energy-partnership,edfenergy.com
CASE-0055-S01,CASE-0055,INIT-0055,1,"Source: NESO (National Energy System Operator, EMR Delivery Body), Capacity Market auction results (official, first-party auctioneer)",https://www.neso.energy/what-we-do/energy-markets/electricity-market-reform-emr-delivery-body/capacity-market,neso.energy
CASE-0055-S02,CASE-0055,INIT-0055,2,"Osborne Clarke, 'T-1 Capacity Market auction results published', March 2026 (law firm commentary reporting NESO published results; source of the 25% demand-side response share)",https://www.osborneclarke.com/insights/energy-transition-t-1-capacity-market-auction-results-published,osborneclarke.com
CASE-0056-S01,CASE-0056,INIT-0056,1,"Source: Fuller, Smith & Turner P.L.C., Journey to Net Zero (official, first-party company website; confirmed live August 2026)",https://www.fullers.co.uk/corporate/sustainability/planet/journey-to-net-zero,fullers.co.uk
CASE-0056-S02,CASE-0056,INIT-0056,2,"Source: Punch Pubs & Co, Sustainability: Planet (official, first-party; confirmed live August 2026, claims verified against page text)",https://www.punchpubs.com/sustainability/planet/,punchpubs.com
CASE-0057-S01,CASE-0057,INIT-0057,1,"Source: Stonegate Group, FY25 circular economy and sustainability release (official, first-party; confirmed live August 2026)",https://www.stonegategroup.co.uk/press/uks-largest-pub-company-removes-over-90000-single-use-bottles-from-its-waste-stream-as-part-of-circular-economy-drive/,stonegategroup.co.uk
CASE-0057-S02,CASE-0057,INIT-0057,2,"Sources: Whitbread PLC, Sustainability Report 2025/26, published 29 April 2026 (official, first-party, dated)",https://cdn.whitbread.co.uk/media/2026/05/Whitbread-PLC-Sustainability-Report-2025_26.pdf,cdn.whitbread.co.uk
CASE-0057-S03,CASE-0057,INIT-0057,3,"Whitbread PLC, ESG Report 2024/25 (official, first-party; source of the 2024/25 HVAC and refrigeration control measures)",https://cdn.whitbread.co.uk/media/2025/05/Whitbread-PLC-Environmental-Social-and-Governance-Report-2024-25.pdf,cdn.whitbread.co.uk
CASE-0058-S01,CASE-0058,INIT-0058,1,"Source: Punch Pubs & Co, Sustainability: Planet (official, first-party; confirmed live August 2026, claims verified against page text)",https://www.punchpubs.com/sustainability/planet/,punchpubs.com
CASE-0058-S02,CASE-0058,INIT-0058,2,"Source: Whitbread PLC, Sustainability Report 2025/26, published 29 April 2026 (official, first-party, dated)",https://cdn.whitbread.co.uk/media/2026/05/Whitbread-PLC-Sustainability-Report-2025_26.pdf,cdn.whitbread.co.uk
CASE-0059-S01,CASE-0059,INIT-0059,1,"Sources: DESNZ, 'Heat Network Zoning: government response to the 2023 consultation', January 2026 (official, first-party; two SIs anticipated Spring 2026, developer-triggered connection requirement, 100 MWh equivalent to a medium-large office block, 7% of England heat demand / 27 TWh by 2035)",https://assets.publishing.service.gov.uk/media/6970ad6dec1d126584b9ef20/heat-network-zoning-government-response-to-2023-consultation.pdf,assets.publishing.service.gov.uk
CASE-0059-S02,CASE-0059,INIT-0059,2,"DESNZ, Heat network zoning flyer, January 2026 (official; source of the 100 MWh threshold, the three building categories and exemptions)",https://assets.publishing.service.gov.uk/media/69691f66cbe2202b3842486f/heat-network-zoning-flyer.pdf,assets.publishing.service.gov.uk
CASE-0059-S03,CASE-0059,INIT-0059,3,"Sources: Ofgem, 'Heat networks regulation: authorisation conditions' decision, 13 January 2026 (official regulator, first-party; commencement notice confirming the conditions come into force 27 January 2026)",https://www.ofgem.gov.uk/sites/default/files/2026-01/Heat-networks-regulation-authorisation-conditions-decision.pdf,ofgem.gov.uk
CASE-0059-S04,CASE-0059,INIT-0059,4,"Ofgem, 'Countdown to the launch of new regulatory rules for heat networks' (official regulator, first-party; Great Britain scope and the 27 January 2026 launch date)",https://www.ofgem.gov.uk/blog/countdown-launch-new-regulatory-rules-heat-networks,ofgem.gov.uk
CASE-0059-S05,CASE-0059,INIT-0059,5,"Ofgem, 'Heat networks registration' guidance, 23 January 2026 (official regulator, first-party; deemed authorisation and the 26 January 2027 registration deadline)",https://www.ofgem.gov.uk/sites/default/files/2026-01/Heat%20networks%20registration%20guidance.pdf,ofgem.gov.uk
CASE-0059-S06,CASE-0059,INIT-0059,6,"The Heat Networks (Market Framework) (Great Britain) (Amendment) Regulations 2026, SI 2026/7 (official statute, legislation.gov.uk; extends authorisation conditions, disproportionate-charges methods, and confirms the amendment is concurrent with rather than subsequent to the 27 January 2026 launch. NOTE the parent instrument is the 2025 Regulations, not the 2026 Amendment)",https://www.legislation.gov.uk/uksi/2026/7/made,legislation.gov.uk
CASE-0060-S01,CASE-0060,INIT-0060,1,"Sources: Green Gas Certification Scheme, Certificates and Additionality pages (scheme operator - authoritative primary source for UK green gas certification, certificate prices and the Production Support label)",https://www.greengas.org.uk/certificates,greengas.org.uk
CASE-0060-S02,CASE-0060,INIT-0060,2,,https://www.greengas.org.uk/certificates/additionality,greengas.org.uk
CASE-0060-S03,CASE-0060,INIT-0060,3,"Green Gas Certification Scheme, Emissions Reporting (scheme operator; the scheme does not determine the validity of emissions claims)",https://www.greengas.org.uk/certificates/emissions-reporting,greengas.org.uk
CASE-0060-S04,CASE-0060,INIT-0060,4,"Green Gas Certification Scheme, SBTi FAQ on market-based reporting (scheme operator relaying the SBTi position)",https://www.greengas.org.uk/news/sbti-faq-on-market-based-reporting,greengas.org.uk
CASE-0060-S05,CASE-0060,INIT-0060,5,"GHG Protocol, 'Interim Update on Accounting for Biomethane Certificates' (primary standard-setter; confirms no definitive guidance currently exists)",https://ghgprotocol.org/blog/interim-update-accounting-biomethane-certificates,ghgprotocol.org
CASE-0060-S06,CASE-0060,INIT-0060,6,"Sources: Suffolk County Council, 'All Suffolk food waste to be processed in the county', 28 July 2025 (public authority, first-party to the contract)",https://www.suffolk.gov.uk/council-and-democracy/council-news/all-suffolk-food-waste-to-be-processed-in-the-county,suffolk.gov.uk
CASE-0060-S07,CASE-0060,INIT-0060,7,"Bio Capital, 'Green light for Suffolk AD facility', 26 June 2025 (project partner, first-party; planning approval, 49,000 t/yr, estimated 34,000 tCO2e)",https://bio-capital.co.uk/suffolk-ad-facility-approved/,bio-capital.co.uk
CASE-0060-S08,CASE-0060,INIT-0060,8,"letsrecycle.com, 'Anaerobic digestion plant operator exits Suffolk food waste deal', June 2026 (trade press carrying the council's direct statement)",https://www.letsrecycle.com/news/anaerobic-digestion-plant-operator-exits-suffolk-food-waste-deal/,letsrecycle.com
CASE-0060-S09,CASE-0060,INIT-0060,9,"East Anglian Daily Times, 'Suffolk food waste deal and Reydon plant plan collapses', June 2026 (local press; GBP 20m scheme, 2017 closure after becoming loss-making)",https://www.eadt.co.uk/news/26167278.suffolk-food-waste-deal-reydon-plant-plan-collapses/,eadt.co.uk
CASE-0060-S10,CASE-0060,INIT-0060,10,"DESNZ, 2025 Government Greenhouse Gas Conversion Factors, Methodology Paper (official; natural gas emissions factor used in the cost-per-tonne calculation)",https://assets.publishing.service.gov.uk/media/6846b0870392ed9b784c0187/2025-GHG-CF-methodology-paper.pdf,assets.publishing.service.gov.uk
CASE-0061-S01,CASE-0061,INIT-0061,1,"Source: Whitbread PLC, Sustainability Report 2025/26, published 29 April 2026 (official, first-party, dated)",https://cdn.whitbread.co.uk/media/2026/05/Whitbread-PLC-Sustainability-Report-2025_26.pdf,cdn.whitbread.co.uk
CASE-0061-S02,CASE-0061,INIT-0061,2,"Sources: Lawrence Berkeley National Laboratory, 'Assessing the Costs and Benefits of the Superior Energy Performance Program' (primary government-laboratory study, nine certified facilities)",https://www.aceee.org/files/proceedings/2013/data/papers/5_030.pdf,aceee.org
CASE-0061-S03,CASE-0061,INIT-0061,3,"LBNL Energy Technologies Area, 'Superior Energy Performance Program Demonstrates 1.7-Year Payback' (first-party laboratory summary of the study above)",https://eta.lbl.gov/news/57582/superior-energy-performance-pro,eta.lbl.gov
CASE-0061-S04,CASE-0061,INIT-0061,4,"US DOE / LBNL, 50001 Ready programme (official programme page; c.4% annual savings sustained over a decade)",https://50001ready.lbl.gov/,50001ready.lbl.gov
CASE-0062-S01,CASE-0062,INIT-0062,1,"Sources: BEAMA, 'Guide to Power Factor Correction' (trade association primary)",https://www.beama.org.uk/static/uploaded/080037a7-4dd8-4776-a6a5abb0988269ba.pdf,beama.org.uk
CASE-0062-S02,CASE-0062,INIT-0062,2,"BEAMA, 'Power Factor Correction' (trade association primary)",https://www.beama.org.uk/static/uploaded/efbbfc81-0d8f-4947-9bde5b5a3366d1b4.pdf,beama.org.uk
CASE-0062-S03,CASE-0062,INIT-0062,3,"Source: Energy Advice Hub, 'Power Factor Correction' technology guidance (independent industry guidance, not a supplier)",https://energyadvicehub.org/carbon-reduction-glossary/power-factor-correction/,energyadvicehub.org
CASE-0062-S04,CASE-0062,INIT-0062,4,"Source: Emissis, 'Case Study - National Hotel Chain (U.K.)', published December 2025 (SUPPLIER-AUTHORED MARKETING DOCUMENT, operator anonymous)",https://emissis.com/wp-content/uploads/2025/12/New-CASE-STUDY-National-Hotel-Chain-U.K.-Final.pdf,emissis.com
CASE-0063-S01,CASE-0063,INIT-0063,1,"Sources: Whitbread PLC, Sustainability Report 2025/26, published 29 April 2026 (official, first-party, dated - current vintage)",https://cdn.whitbread.co.uk/media/2026/05/Whitbread-PLC-Sustainability-Report-2025_26.pdf,cdn.whitbread.co.uk
CASE-0063-S02,CASE-0063,INIT-0063,2,"Whitbread PLC, ESG Report 2024/25 (official, first-party - superseded for BREEAM counts, retained only for the restatement comparison)",https://cdn.whitbread.co.uk/media/2025/05/Whitbread-PLC-Environmental-Social-and-Governance-Report-2024-25.pdf,cdn.whitbread.co.uk
CASE-0063-S03,CASE-0063,INIT-0063,3,"BRE / BREEAM, 'Delivering Sustainable Buildings: Savings and Payback - Office Case Study for BREEAM UK New Construction 2018', Christopher Ward (BRE) and Adam Mactavish (Currie & Brown), (c) BRE Global Ltd 2020 (scheme owner primary, first-party)",https://files.bregroup.com/breeam/briefingpapers/Delivering-Sustainable-Buildings-Savings-and-Payback-Office-Case-Study-BREEAM-NC-2018_BREEAM_BRE_115359_BriefingPaper.pdf,files.bregroup.com
CASE-0063-S04,CASE-0063,INIT-0063,4,"BRE / BREEAM, 'Briefing Paper: The Value of BREEAM', November 2016 (scheme owner primary)",https://files.bregroup.com/breeam/briefingpapers/BREEAM-Briefing-Paper----The-Value-of-BREEAM--November-2016----123864.pdf,files.bregroup.com
CASE-0063-S05,CASE-0063,INIT-0063,5,"Faithful+Gould, 'BREEAM: why we need to change our perception of what it costs' (cost consultancy, third-party professional view)",https://www.fgould.com/worldwide/articles/breeam-why-we-need-change-our-perception/,fgould.com
CASE-0063-S06,CASE-0063,INIT-0063,6,"Designing Buildings, 'BREEAM value increases while costs reduce' (industry wiki summarising BRE and third-party research; source of the 2005 7% figure, the DLA Piper finding and the green bond)",https://www.designingbuildings.co.uk/wiki/BREEAM_value_increases_while_costs_reduce,designingbuildings.co.uk
CASE-0063-S07,CASE-0063,INIT-0063,7,"Source: Level Workspace, UK green certification comparison (third-party commercial site aggregating cited research - verify individual studies before external quotation)",https://www.levelworkspace.com/post/green-building-certifications-uk-guide,levelworkspace.com
CASE-0063-S08,CASE-0063,INIT-0063,8,"Sources: McDonald's UK, 'Market Drayton' - Our Plan for Change (official, first-party)",https://www.mcdonalds.com/gb/en-gb/our-plan-for-change/great-restaurants/market-drayton.html,mcdonalds.com
CASE-0063-S09,CASE-0063,INIT-0063,9,"McDonald's UK, 'UK Net Zero Carbon' newsroom release, 10 December 2021 (official, first-party)",https://www.mcdonalds.com/gb/en-gb/newsroom/article/uk_net_zero_carbon.html,mcdonalds.com
CASE-0064-S01,CASE-0064,INIT-0064,1,ScienceDirect – Journal of Accounting & Economics,https://www.sciencedirect.com/science/article/abs/pii/S0165410124000843,sciencedirect.com
CASE-0065-S01,CASE-0065,INIT-0065,1,ScienceDirect – Journal of Environmental Management,https://www.sciencedirect.com/science/article/abs/pii/S0301479726008613,sciencedirect.com
CASE-0065-S02,CASE-0065,INIT-0065,2,TIME / Mastercard,https://time.com/collections/time100-climate-2024/7172407/ellen-jackowski/,time.com
CASE-0066-S01,CASE-0066,INIT-0066,1,Wiley – Business Strategy and the Environment,https://onlinelibrary.wiley.com/doi/10.1002/bse.4332,onlinelibrary.wiley.com
CASE-0067-S01,CASE-0067,INIT-0067,1,Marks & Spencer – Plan A,https://corporate.marksandspencer.com/newsroom/blog/reflections-plan-progress,corporate.marksandspencer.com
CASE-0068-S01,CASE-0068,INIT-0068,1,SSE – Enhancing Climate Engagement with Shareholders,https://www.sse.com/news-and-views/2022/06/enhancing-climate-engagement-with-shareholders/,sse.com
CASE-0069-S01,CASE-0069,INIT-0069,1,Hilton – Environmental and Social Impact,https://stories.hilton.com/releases/hilton-celebrates-strong-year-of-positive-environmental-and-social-impact-recognized-for-seventh-consecutive-year-on-dow-jones-sustainability-indices,stories.hilton.com
CASE-0070-S01,CASE-0070,INIT-0070,1,"The Accounting Review – Khan, Serafeim & Yoon.",https://publications.aaahq.org/accounting-review/article-abstract/91/6/1697/3898/Corporate-Sustainability-First-Evidence-on?redirectedFrom=fulltext,publications.aaahq.org
CASE-0072-S01,CASE-0072,INIT-0072,1,Accounting for Sustainability – SSE TCFD Implementation.,https://www.accountingforsustainability.org/en/knowledge-hub/case-studies/sse-tcfd.html?utm_source=chatgpt.com,accountingforsustainability.org
CASE-0073-S01,CASE-0073,INIT-0073,1,Whistl ESG Annual Report 2023.,https://online.flippingbook.com/view/129876575/27/,online.flippingbook.com
CASE-0074-S01,CASE-0074,INIT-0074,1,M&S ESG Report 2025.,https://corporate.marksandspencer.com/sites/marksandspencer/files/2025-05/Marks-and-Spencer-Group-plc-ESG-Report-2025.pdf?utm_source=chatgpt.com,corporate.marksandspencer.com
CASE-0075-S01,CASE-0075,INIT-0075,1,,https://sciencebasedtargets.org/news/9-in-10-companies-say-science-based-targets-deliver-positive-business-impact?,sciencebasedtargets.org
CASE-0076-S01,CASE-0076,INIT-0076,1,,https://corporate.marksandspencer.com/newsroom/blog/reflections-plan-progress,corporate.marksandspencer.com
CASE-0077-S01,CASE-0077,INIT-0077,1,,https://www.britishland.com/news/british-land-sets-out-pathway-to-net-zero-carbon/?,britishland.com
CASE-0078-S01,CASE-0078,INIT-0078,1,,https://www.london.gov.uk/programmes-strategies/environment-and-climate-change/net-zero-energy/zero-carbon-accelerator/refit/success-story-university-west-london?,london.gov.uk
CASE-0079-S01,CASE-0079,INIT-0079,1,,https://sciencebasedtargets.org/blog/what-does-the-net-zero-standard-mean-for-science-based-targets?,sciencebasedtargets.org
CASE-0080-S01,CASE-0080,INIT-0080,1,,https://www.sciencedirect.com/science/article/abs/pii/S026151771830205X,sciencedirect.com
CASE-0080-S02,CASE-0080,INIT-0080,2,,https://doee.dc.gov/page/case-study-monaco-washington-dc,doee.dc.gov
CASE-0081-S01,CASE-0081,INIT-0081,1,,https://www.sciencedirect.com/science/article/abs/pii/S030147972030712X,sciencedirect.com
CASE-0081-S02,CASE-0081,INIT-0081,2,,https://www.sciencedirect.com/science/article/abs/pii/S0959652619311187?,sciencedirect.com
CASE-0082-S01,CASE-0082,INIT-0082,1,,https://www.smartpension.co.uk/news-and-insights/default-growth-fund-emissions,smartpension.co.uk
CASE-0082-S02,CASE-0082,INIT-0082,2,,https://www.smartpension.co.uk/news-and-insights/100-sustainable-investments,smartpension.co.uk
CASE-0083-S01,CASE-0083,INIT-0083,1,,https://www.sciencedirect.com/science/article/abs/pii/S0959652621004601?,sciencedirect.com
CASE-0083-S02,CASE-0083,INIT-0083,2,,https://www.sciencedirect.com/science/article/abs/pii/S0959652617325568?,sciencedirect.com
CASE-0084-S01,CASE-0084,INIT-0084,1,,https://www.sciencedirect.com/org/science/article/abs/pii/S0972798125000213,sciencedirect.com
CASE-0084-S02,CASE-0084,INIT-0084,2,,https://www.sciencedirect.com/science/article/abs/pii/S0278431919307996?,sciencedirect.com
CASE-0085-S01,CASE-0085,INIT-0085,1,,https://www.sciencedirect.com/science/article/pii/S1470160X2301631X?,sciencedirect.com
CASE-0085-S02,CASE-0085,INIT-0085,2,,https://link.springer.com/article/10.1007/s10551-024-05762-4?,link.springer.com
CASE-0086-S01,CASE-0086,INIT-0086,1,UK Government – Climate-related Transition Plan Requirements: Benefits of Transition Planning / Frontiers – Do Credible Climate Transition Plans Matter for Carbon Performance?,https://www.frontiersin.org/journals/environmental-science/articles/10.3389/fenvs.2026.1907357/full,frontiersin.org
CASE-0086-S02,CASE-0086,INIT-0086,2,,https://www.gov.uk/government/consultations/climate-related-transition-plan-requirements/transition-plan-requirements-implementation-routes-accessible-webpage?,gov.uk
CASE-0087-S01,CASE-0087,INIT-0087,1,,https://www.ifrs.org/issued-standards/ifrs-sustainability-standards-navigator/ifrs-s2-climate-related-disclosures/,ifrs.org
CASE-0088-S01,CASE-0088,INIT-0088,1,,https://www.gov.uk/government/publications/environmental-reporting-guidelines-including-mandatory-greenhouse-gas-emissions-reporting-guidance,gov.uk
CASE-0089-S01,CASE-0089,INIT-0089,1,,https://www.iso.org/news/2026/04/iso-14001-2026-published,iso.org
CASE-0090-S01,CASE-0090,INIT-0090,1,,https://www.greenkey.global/criteria,greenkey.global
CASE-0090-S02,CASE-0090,INIT-0090,2,,https://www.greenkey.global/application-process,greenkey.global
CASE-0091-S01,CASE-0091,INIT-0091,1,,https://ghgprotocol.org/corporate-standard,ghgprotocol.org
CASE-0092-S01,CASE-0092,INIT-0092,1,,https://packagingeurope.com/news/nestle-gives-update-on-sustainable-packaging-progress/10566.article?utm_source=chatgpt.com,packagingeurope.com
CASE-0093-S01,CASE-0093,INIT-0093,1,,https://www.tescoplc.com/tesco-removes-one-billion-pieces-of-plastic/,tescoplc.com
CASE-0094-S01,CASE-0094,INIT-0094,1,,https://relondon.gov.uk/resources/case-study-top-cuvee-refillable-wine-drop-by-drop?utm_source=chatgpt.com,relondon.gov.uk
CASE-0095-S01,CASE-0095,INIT-0095,1,,https://www.tandfonline.com/doi/full/10.1080/19397038.2021.1920644?utm_source=chatgpt.com,tandfonline.com
CASE-0096-S01,CASE-0096,INIT-0096,1,,https://www.ihgplc.com/en/news-and-media/news-releases/2019/end-of-the-road-for-bathroom-miniatures-as-ihg-opts-for-bulk-size--amenities-to-reduce-plastic-waste?utm_source=chatgpt.com,ihgplc.com
CASE-0097-S01,CASE-0097,INIT-0097,1,,https://www.wrap.ngo/resources/report/uk-plastics-pact-annual-report-2023/uk-plastics-pact-case-studies?utm_source=chatgpt.com,wrap.ngo
CASE-0098-S01,CASE-0098,INIT-0098,1,,https://www.carbontrust.com/news-and-insights/news/uk-catering-industry-missing-out-on-more-than-a-quarter-of-a-billion-pounds-in-energy-savings-every-year-warns-the-carbon-trust?utm_source=chatgpt.com,carbontrust.com
CASE-0099-S01,CASE-0099,INIT-0099,1,,https://www.signify.com/en-in/our-company/news/press-release-archive/2015/20150416-Philips-provides-Light-as-a-Service-to-Schiphol-Airport?utm_source=chatgpt.com,signify.com
CASE-0100-S01,CASE-0100,INIT-0100,1,,https://www.wrap.ngo/resources/case-study/crown-workspace-ltd-leading-way-office-furniture-reuse?utm_source=chatgpt.com,wrap.ngo
CASE-0101-S01,CASE-0101,INIT-0101,1,,https://sustainableict.blog.gov.uk/2026/02/18/how-were-making-technology-procurement-more-sustainable/,sustainableict.blog.gov.uk
CASE-0102-S01,CASE-0102,INIT-0102,1,,https://uk.fsc.org/packaging?utm_source=chatgpt.com,uk.fsc.org
CASE-0103-S01,CASE-0103,INIT-0103,1,,https://pciaw.org/hilton-london-metropole-hotel-the-sustainable-venue-of-pciaw-summit-awards/?utm_source=chatgpt.com,pciaw.org
CASE-0104-S01,CASE-0104,INIT-0104,1,,https://environment.ec.europa.eu/topics/circular-economy-topics/eu-ecolabel/product-groups-and-criteria/cleaning_en,environment.ec.europa.eu
CASE-0105-S01,CASE-0105,INIT-0105,1,,https://www.gca.gov.uk/news/casestudy-leeds-city-council-becoming-the-best-with-less?utm_source=chatgpt.com,gca.gov.uk
CASE-0106-S01,CASE-0106,INIT-0106,1,,https://www.tescoplc.com/sustainability/planet/protecting-nature/climate-change,tescoplc.com
CASE-0107-S01,CASE-0107,INIT-0107,1,,https://www.msc.org/en-au/media-centre-anz/media-releases/press-release/premier-inn-sets-fish-friendly-world-record-with-3-million-portions-of-sustainable-fish-and-chips,msc.org
CASE-0108-S01,CASE-0108,INIT-0108,1,,https://www.greeneking.co.uk/newsroom/net-zero-journey,greeneking.co.uk
CASE-0109-S01,CASE-0109,INIT-0109,1,,https://www.foodbuy.co.uk/news/foodbuy-group-brings-together-purpose-led-suppliers-through-pitch-social-event/,foodbuy.co.uk
CASE-0110-S01,CASE-0110,INIT-0110,1,,https://planet.levy.co.uk/,planet.levy.co.uk
CASE-0111-S01,CASE-0111,INIT-0111,1,,https://www.shakeshack.co.uk/2026/06/09/one-year-of-wildfarmed/,shakeshack.co.uk
CASE-0112-S01,CASE-0112,INIT-0112,1,,https://www.wri.org/insights/its-all-name-how-boost-sales-plant-based-menu-items,wri.org
CASE-0113-S01,CASE-0113,INIT-0113,1,,https://levy.co.uk/media/2akmcybi/levy_climate_impact_report_nov2025-min.pdf,levy.co.uk
CASE-0114-S01,CASE-0114,INIT-0114,1,,https://www.winnowsolutions.com/mgm-macau-cuts-food-waste-29-with-winnow-food-waste-management-system?hsLang=en,winnowsolutions.com
CASE-0115-S01,CASE-0115,INIT-0115,1,,https://www.winnowsolutions.com/lisbon-marriott-cuts-food-waste-by-50-with-winnows-ai-system?hsLang=en,winnowsolutions.com
CASE-0116-S01,CASE-0116,INIT-0116,1,,https://www.whitbread.co.uk/sustainability/responsibility/responsible-sourcing/,whitbread.co.uk
CASE-0117-S01,CASE-0117,INIT-0117,1,,https://sciencebasedtargets.org/standards-and-guidance,sciencebasedtargets.org
CASE-0118-S01,CASE-0118,INIT-0118,1,,https://www.whitbread.co.uk/sustainability/responsibility/responsible-sourcing/,whitbread.co.uk
CASE-0119-S01,CASE-0119,INIT-0119,1,,https://sciencebasedtargets.org/blog/new-supplier-engagement-guidance-unlocking-the-power-of-supply-chains-for-decarbonization,sciencebasedtargets.org
CASE-0120-S01,CASE-0120,INIT-0120,1,,https://sciencebasedtargets.org/news/supply-change-sbti-launches-cop-call-to-action,sciencebasedtargets.org
CASE-0121-S01,CASE-0121,INIT-0121,1,,https://sciencebasedtargets.org/news/supply-change-sbti-launches-cop-call-to-action,sciencebasedtargets.org
CASE-0122-S01,CASE-0122,INIT-0122,1,,https://ghgprotocol.org/corporate-value-chain-scope-3-standard,ghgprotocol.org
CASE-0123-S01,CASE-0123,INIT-0123,1,,https://sciencebasedtargets.org/news/supply-change-sbti-launches-cop-call-to-action,sciencebasedtargets.org
CASE-0124-S01,CASE-0124,INIT-0124,1,,https://sciencebasedtargets.org/blog/new-supplier-engagement-guidance-unlocking-the-power-of-supply-chains-for-decarbonization,sciencebasedtargets.org
CASE-0125-S01,CASE-0125,INIT-0125,1,,https://sciencebasedtargets.org/standards-and-guidance,sciencebasedtargets.org
CASE-0126-S01,CASE-0126,INIT-0126,1,,https://sciencebasedtargets.org/blog/new-supplier-engagement-guidance-unlocking-the-power-of-supply-chains-for-decarbonization,sciencebasedtargets.org
CASE-0127-S01,CASE-0127,INIT-0127,1,,https://corporate.mcdonalds.com/content/dam/sites/corp/nfl/pdf/McDonalds_CDP_Response_Climate_Change_2023.pdf,corporate.mcdonalds.com
CASE-0128-S01,CASE-0128,INIT-0128,1,,https://www.whitbread.co.uk/sustainability/responsibility/responsible-sourcing/,whitbread.co.uk
CASE-0129-S01,CASE-0129,INIT-0129,1,,https://www.whitbread.co.uk/sustainability/responsibility/responsible-sourcing/,whitbread.co.uk
CASE-0130-S01,CASE-0130,INIT-0130,1,,https://www.whitbread.co.uk/sustainability/responsibility/responsible-sourcing/,whitbread.co.uk
CASE-0131-S01,CASE-0131,INIT-0131,1,,https://www.whitbread.co.uk/sustainability/responsibility/responsible-sourcing/,whitbread.co.uk
CASE-0132-S01,CASE-0132,INIT-0132,1,Guide to writing a sustainable travel policy - Culture for Climate Scotland,https://www.ros.gov.uk/about/publications/policy-and-guidelines/2024/green-travel-policy#two,ros.gov.uk
CASE-0133-S01,CASE-0133,INIT-0133,1,Greene King_EV_Charging,https://www.marstonspubs.co.uk/news/marstons-ev-charging-leadership/,marstonspubs.co.uk
CASE-0133-S02,CASE-0133,INIT-0133,2,,https://www.whitbread.co.uk/its-electrifying-were-plugged-inn/,whitbread.co.uk
CASE-0133-S03,CASE-0133,INIT-0133,3,,https://www.explorer-hotels.com/en/angebote/climate-rate/,explorer-hotels.com
CASE-0161-S01,CASE-0161,INIT-0161,1,,https://content.tfl.gov.uk/smart-commuting-toolkit.pdf,content.tfl.gov.uk
