Topic,Sub-Topic,Category,Initiative,Old Initiatve,Description,Sector Included,Sector not included,Benefits,Evidence,KPI ,KPI Justification,Case Execution,Case Impact
Nature & Resources,Nature & Biodiversity,Supplier Engagement,Introduce certification to demonstrate responsible sourcing and deforestation avoidance.,Introduce certification to demonstrate responsible sourcing and deforestation avoidance.,Using recognised certification schemes to provide assurance that key commodities are responsibly sourced and not linked to deforestation,"Restaurant, QSR, Pubs/Bars, Contract Caterers, Hotels, Brewries, Experiential Leisure",-,"Regulatory Compliance, Brand Reputation & Supply security","Proactive reliance on third-party verification insulated the company from major geopolitical and regulatory disruptions, such as the strict penalties associated with the EU Deforestation Regulation (EUDR)","% of total food and packaging spend covered by a recognised certification (Rainforest Alliance, RSPO, FSC, UTZ)","Spend coverage is more honest than a binary yes/no, since a company can hold one certification on one commodity and claim they've ""done"" this initiative while 90% of their supply chain remains uncovered",,
Nature & Resources,Nature & Biodiversity,Supplier Engagement,"Conduct LCAs on the top [X] commodities by spend or estimated emissions, completing at least one per year",Conduct LCAs on specific commodities,Conducting life-cycle assessments of selected ingredients or commodities to quantify environmental impacts from production through use or disposal.,"Restaurant, QSR, Pubs/Bars, Contract Caterers, Hotels, Brewries, Experiential Leisure",-,Problem Identification and gives a dircetion for creating maximum impact while using less resources,Aluminium Apple ,"Number of commodities with a completed LCA, and the % of total ingredient spend those commodities represent","An LCA on a low-value, low-impact ingredient achieves nothing. Tying it to spend share forces prioritisation toward the ingredients that actually move the footprint needle","Apple developed detailed, process-based environmental models using Apple-specific parameters rather than industry averages to isolate precisely where aluminium emissions occur
LCAs identified primary smelting as a major energy-intensive bottleneck, guiding engineers to pivot from primary mining to circular recovery.
Apple redesigned product architectures to accept lower carbon inputs, actively repurposing scrap manufacturing material to create high-durability alloys 
Recycled-aluminium configurations were methodically integrated across product lines, scaling up from accessories to major hardware enclosures","Reduced overall aluminium-related greenhouse gas emissions by more than 70 percent compared to the 2015 baseline
more than 70 percent of the total aluminium shipped in Apple products globally came entirely from recycled sources.
The newly launched MacBook Neo laptop advanced this trajectory by utilizing 90 percent recycled aluminium in its build"
Nature & Resources,Nature & Biodiversity,Supplier Engagement,Commission at least one named specialist to assess on-farm emissions for the top three commodities by spend or estimated emissions,Engage third parties on biggest on-farm emissions hotspots,"Working with specialist third parties to identify, quantify and address the largest agricultural emissions sources within the supply chain.","Restaurant, QSR, Pubs/Bars, Contract Caterers, Hotels, Brewries, Experiential Leisure",-,"Methodology Accuracy, Verified Carbon Premium unlocked & Hidden efficiency gains",Nestle X Klim,"Number of on-farm hotspot assessments completed by a named specialist, with a minimum defined as the top three commodities by spend or emissions","Forces a scope decision up front (which commodities, which third party) and a completion test that doesn't allow ""we had a call"" to count as done","2022 Pilot: Ten farmers provided operational data and collaborated with Klim agronomists to identify the most effective regenerative practices for their specific soil conditions.2023 Scale-up: The project expanded to 26 farmers, implementing these targeted practices across approximately 12,000 hectares.2024 Scope: The initiative grew to encompass 50 farmers, with plans to expand further into new regions and additional raw material streams.Core Practices: Participating farms adapted their management plans by introducing cover crops, reducing tillage, cutting back on chemical fertilisation, and diversifying crop rotations.System Process: Klim managed the data tracking and digital platform onboarding, delivering full Measurement, Reporting, and Verification (MRV) services to validate emission reductions.","Sequestered and reduced approximately 14,000 tonnes of soil carbon across the project
Enhanced biodiversity on 3,949 hectares
Improved the long-term predictability and security of food production and agricultural supply chains
 Enhanced soil health, humus formation, water retention, and crop infiltration, protecting yields during drought periods"
Nature & Resources,Nature & Biodiversity,Food & Beverage,Introduce menu items sourced from ingredients grown using regenerative practices,Introduce menu items sourced from ingredients grown using regenerative practices,Introducing menu items made with ingredients produced through regenerative or other verified nature-positive agricultural practices.,"Restaurant, QSR, Pubs/Bars, Contract Caterers, Hotels, Brewries, Experiential Leisure",Partial for Experiential Leisure & Brewries,"Brand Premium, Supply Resilience & Scope 3 reduction",Sweetgreen,"% of total main menu dishes containing at least one verified regenerative-source ingredient, and % of sales those dishes represent",Having 10 regenerative dishes is meaningless if they represent 2% of sales. The sales-share figure catches companies that add one token option and count it as progress,"The chain introduced the Super Green Goddess Salad, a permanent, year-round menu item featuring a mix of lentils and plant-based whole foods across all 121 of its restaurant locations
Sweetgreen labeled the menu item as a ""low-carbon option"" directly on its digital and physical menus to visually signal its lower environmental footprint to consumers
The company substituted high-emission proteins with lentils, which naturally act as a ""net-negative carbon use crop"" and require minimal external resource management
Sweetgreen combined these ingredients into their standard culinary workflow using scratch-cooking techniques to deliver a functional food option that provides high levels of satiety","Sweetgreen's plant-rich menu choices resulted in offerings that are 30% less carbon intensive than the baseline average American diet
The resulting $9.95 dish delivers a clean profile of 485 calories, 20 grams of protein, and 8 grams of fiber per single serving
Sweetgreen successfully tapped into an expanding consumer demand trend; over the past decade, quick-service restaurant lentil offerings rose by 42%, and grew by 28% across all restaurant segments
Agricultural Supply Resilience
Natural Soil Restoration
Brand Premium & Consumer Alignment"
Nature & Resources,Nature & Biodiversity,Biodiversity,x,Understand biodiversity footprint across supply chain & policies,"Assessing biodiversity impacts and dependencies across the supply chain and establishing policies to prevent, reduce or restore associated harm.","Restaurant, QSR, Pubs/Bars, Contract Caterers, Hotels, Brewries, Experiential Leisure",-,,,"Number of key commodity supply chains assessed for biodiversity impact, covering at minimum the top 5 by spend",,,
Nature & Resources,Nature & Biodiversity,Biodiversity,Publish a biodiversity policy with named targets and owner,Understand biodiversity footprint across supply chain & policies,"Assessing biodiversity impacts and dependencies across the supply chain and establishing policies to prevent, reduce or restore associated harm.","Restaurant, QSR, Pubs/Bars, Contract Caterers, Hotels, Brewries, Experiential Leisure",-,"Low Cost of Capital, Risk Mitigation, Enhancing portfolio value",EDF,"Binary yes/no policy in place, reviewed annually, with named responsible owner",,,
Nature & Resources,Nature & Biodiversity,Biodiversity,Commit to zero deforestation in your supply chain,Commit to zero deforestation in your supply chain,Making a formal commitment to eliminate deforestation and ecosystem conversion associated with products and commodities in the supply chain.,"Restaurant, QSR, Pubs/Bars, Contract Caterers, Hotels, Brewries, Experiential Leisure",-,,,"% of total spend on high-deforestation-risk commodities (beef, soy, palm oil, cocoa, paper/board) traceable to verified deforestation-free sources, with a dated target for reaching 100%",The spend-coverage figure with a date attached is what turns a commitment into something auditable,,
Nature & Resources,Nature & Biodiversity,Biodiversity,Remove,Introduce nature-positive menu products,"Adding menu products that support biodiversity, soil health, lower ecosystem pressure or regenerative and nature-positive production systems.","Restaurant, QSR, Pubs/Bars, Contract Caterers, Hotels, Brewries, Experiential Leisure",Partial for Experiential Leisure & Brewries,,,Remove,Remove,,
Nature & Resources,Nature & Biodiversity,Biodiversity,Ensure compliant with Biodiversity Net Gain (BNG),Ensure compliant with Biodiversity Net Gain (BNG),Meeting applicable Biodiversity Net Gain requirements by measuring habitat impacts and delivering the required improvement in biodiversity value.,"Restaurant, QSR, Pubs/Bars, Contract Caterers, Hotels, Brewries, Experiential Leisure",-,"Prevents planning blockages and costly delays, Minimizes expensive credit spending, Unlocks a new land asset class",Aldi,"Biodiversity units gained per qualifying development project, confirmed by an accredited assessor",BNG has a statutory measurable output (biodiversity units) so the KPI can be precise and independently verified,,
Nature & Resources,Nature & Biodiversity,Biodiversity,Remove,Introduce a biodiversity policy,"Establishing a formal policy that sets commitments, responsibilities and principles for protecting and enhancing biodiversity.","Restaurant, QSR, Pubs/Bars, Contract Caterers, Hotels, Brewries, Experiential Leisure",-,,,Remove,Remove,,
Nature & Resources,Nature & Biodiversity,Biodiversity,Remove,Adopt strategies to promote deforestation-free value chain,"Implementing sourcing, traceability and supplier-management measures to eliminate deforestation and ecosystem conversion from the value chain.","Restaurant, QSR, Pubs/Bars, Contract Caterers, Hotels, Brewries, Experiential Leisure",-,,,Remove,Remove,,
Nature & Resources,Nature & Biodiversity,Biodiversity,"Engage at least [X]% of suppliers by spend with a formal biodiversity briefing or requirement, and request a specific response within 90 days",Engage suppliers to adopt biodiversity practices,"Working with suppliers to adopt practices that protect habitats, improve soil and ecosystem health and increase biodiversity.","Restaurant, QSR, Pubs/Bars, Contract Caterers, Hotels, Brewries, Experiential Leisure",-,"Mitigates systemic material risk, Preempts costly supplier non-compliance, Aggregates accurate Scope 3 data",Wallmart,"% of suppliers by spend who received a formal requirement, and % who responded with a specific commitment or action",Response rate distinguishes real engagement from sending an email nobody replied to,"Walmart executed this massive supply chain engagement initiative through a centralized digital infrastructure and a collaborative framework
Launched under Project Gigaton, Walmart established a clear, time-bound ""North Star"" goal to eliminate one billion metric tons (a gigaton) of greenhouse gases from its global value chain by 2030
Rather than managing communications manually, Walmart deployed a dedicated online platform called the Sustainability Hub
Walmart focused on co-creating solutions by supplying operational tools, training resources, and agronomic best practices directly to its vendor base
Suppliers were formally engaged across key environmental impact areas, including raw material sourcing, waste reduction, packaging design, and sustainable agricultural practices","Successfully onboarded and engaged more than 2,300 global suppliers, representing over $1 trillion in total sales volume
Collaboratively avoided 230 million metric tons of emissions in a single year (2020)
Walmart successfully captured data from its value chain—the critical area that typically represents 70% or more of a business's total carbon footprint
Transitioning suppliers toward sustainable agriculture and renewable energy insulated Walmart's broader, long-term procurement pipeline from climate and resource scarcity risks"
Nature & Resources,Nature & Biodiversity,Biodiversity,Undertake a TNFD review,Undertake a TNFD review,"Assessing nature-related dependencies, impacts, risks and opportunities using the Taskforce on Nature-related Financial Disclosures approach.","Restaurant, QSR, Pubs/Bars, Contract Caterers, Hotels, Brewries, Experiential Leisure",-,"Proactive Regulatory Alignment, Access to Premium ESG Capital, Supply Chain & Operational Resilience, Biodiversity and Habitat Preservation",TNFD,"Binary completion of TNFD assessment across all four pillars (Governance, Strategy, Risk & Impact Management, Metrics & Targets), with disclosure published",TNFD has a defined structure so completion is objectively testable. Publication ensures it influences behaviour,,
Nature & Resources,Nature & Biodiversity,Biodiversity,"Specify a minimum annual investment, a named project or programme, and a verification standard",Invest in protection/restoration of protected areas and green spaces,"Providing funding or direct support for the conservation, restoration and long-term management of protected areas and green spaces.","Restaurant, QSR, Pubs/Bars, Contract Caterers, Hotels, Brewries, Experiential Leisure",-,"Asset and Property Protection, Premium Guest Pricing, Eco-Tourism Revenue Growth, Biodiversity Restoration",Soneva Foundation,"£ invested per year in verified conservation or restoration projects, hectares protected or restored, and the verification standard used (Gold Standard, Plan Vivo)","Without a financial figure and independently verified area, this can be satisfied by planting one tree",,
Nature & Resources,Nature & Biodiversity,Biodiversity,Remove,Support biodiversity improvement,"Taking practical actions to protect, restore or enhance habitats and species across operations, sites or the wider value chain.","Restaurant, QSR, Pubs/Bars, Contract Caterers, Hotels, Brewries, Experiential Leisure",-,,,Remove,Remove,,
Nature & Resources,Nature & Biodiversity,Supplier Engagement,Support on-farm GHG mitigation and sustainable farming techniques such as regenerative agriculture in your supply chain.,Support on-farm GHG mitigation and sustainable farming techniques such as regenerative agriculture in your supply chain.,"Supporting farms and agricultural suppliers to adopt practices that reduce greenhouse gas emissions and improve soil health, resilience and resource efficiency.","Restaurant, QSR, Pubs/Bars, Contract Caterers, Hotels, Brewries, Experiential Leisure",-,,,"Number of farms or agricultural suppliers enrolled in a named support programme, estimated tCO2e reduction per farm per year, and % of total agricultural spend those farms represent",Forces a named programme rather than vague encouragement and the spend-share figure ensures coverage is not trivially small,,
Nature & Resources,Water Management,Water,Complete a water efficiency audit across all kitchen and bathroom fixtures and implement identified measures within 12 months,Explore potential bathroom and kitchen water efficiencies,"Reviewing fixtures, equipment and operating practices in kitchens and bathrooms to identify opportunities to reduce water use without compromising hygiene or service quality.","Restaurant, QSR, Pubs/Bars, Contract Caterers, Hotels, Brewries, Experiential Leisure",-,"Lower Utility Bills, Reduced Energy Costs, Rapid Payback PeriodsRapid Payback Periods",Hilton Texas ,"% reduction in water consumption per cover or per site following audit implementation, measured against a pre-audit baseline",The audit-plus-implementation framing creates an objective completion test,"Project partners targeted the 470-guest room facility (built in 1968), focusing directly on sanitary fixtures which account for an average of 30 percent of a hotel's total water consumption
In 2004, the hotel targeted single-pass water cooling by eliminating 22 water-cooled ice machines and replacing them with efficient, air-cooled hardware.
Starting in 2007, the initiative systematically replaced older, inefficient bathroom hardware with independently certified WaterSense labeled or high-efficiency equivalents
Contractors swapped out 525 toilets (shifting from 5.0 gallons per flush to a dual-flush 1.28/0.8 gpf setup), 616 faucet aerators (cutting flow from 2.2 gpm down to 1.5 gpm), and 479 showerheads (reducing flow from 2.5 gpm to 1.5 gpm)
SAWS structured the project execution using rebate incentives and direct programmatic cost absorption, covering the $110,000 upgrade cost.","Combined utility upgrades generated $160,000 in total savings per year across water, sewer, and energy expenses
Cut water and sewer bills by $80,000 annually
Lowered facility energy bills by $80,000 per year by avoiding 480,000 kilowatt-hours of electricity required to heat and pump water
Reduced total water consumption by 49 percent, saving 26 million gallons (or 80 acre-feet) of water per year
Successfully lowered the hotel's operational water intensity from an average of 209 gallons per room down to 107 gallons
The total capital expenditure of $110,000 yielded a net payback period of less than two years"
Nature & Resources,Water Management,Water,"Complete a formal water risk assessment for all owned sites and top 10 suppliers by spend, with a mitigation plan for each identified risk",Ensure water resilience by managing internal and supplier risks.,"Identifying and managing water-related risks within the organisation and its supply chain to improve resilience to scarcity, disruption, quality issues and regulatory change.","Restaurant, QSR, Pubs/Bars, Contract Caterers, Hotels, Brewries, Experiential Leisure",-,"Prevents supply shocks, Mitigates regulatory fines, Protects future capital, Reduces downstream pollution, Promotes water circularity, Preserves wetland biodiversity",InterContinental Hotels Group,"Number of water-related risks formally documented in a risk register, and % with a defined mitigation plan and named owner","A risk register with named owners is an auditable object. Without it this initiative can be satisfied by saying ""we thought about it""","Advanced Digital Mapping: IHG partnered with external consultants to map water variables for all open and future pipeline properties using international standards, specifically the World Resources Institute (WRI) Aqueduct Water Risk Atlas.Granular Basin Profiling: The assessment isolated location-specific metrics, including baseline water stress, water depletion trends, drought risk, and coastal or riverine flood frequencies to identify which minor and major water basins properties rely upon.Value Chain Scaling: The operational boundary was extended beyond direct operations (owned and managed properties) to run identical risk screenings across their entire franchised estate (value chain partners).Long-Term Scenario Planning: Operational teams aligned data choices with IPCC Climate Change Projections and TCFD recommendations, looking out more than 6 years (projecting to 2050 horizons) to evaluate the long-term materiality of water risks under 1.5°C climate scenarios.Supplier Accountability Integration: Interventions were embedded directly into procurement workflows, requiring corporate and managed hotel vendors to pass a Sustainable Supplier Questionnaire and adhere to a strict Supplier Code of Conduct covering water stewardship, benchmarking, and circular technologies.","Onboarded hotels successfully achieved a 13.4% absolute reduction in their total water footprint compared to the 2019 project baseline
Implementing targeted water-efficiency green solutions across properties drove an average water consumption reduction of 21% per occupied room
In the immediate reporting cycle, properties further optimised their infrastructure to drop per-room-night water consumption by 7.9% year-on-year
Leveraging risk insights through IHG's online sustainability platform enabled the global estate to avoid $7.3 million in direct water utility costs in a single year (part of a broader $66.6 million total utilities cost avoidance)
Funding and risk-prioritised interventions rolled out via NGO partnerships successfully reached and provided 15,000 people across high-risk countries (India, Indonesia, and Mexico) with clean water and sanitation access
Expanded formal supplier alignment significantly, growing the volume of verified vendors bound by the Supplier Code of Conduct from 4,623 up to 5,523 signed suppliers"
Nature & Resources,Water Management,Water,Install a filtered water system to avoid bottled water.,Install a filtered water system to avoid bottled water.,Installing a mains-fed filtration system to provide drinking water on site and reduce reliance on single-use bottled water.,"Restaurant, QSR, Pubs/Bars, Contract Caterers, Hotels, Brewries, Experiential Leisure",-,"Lowers procurement costs, Reduces waste management fees, Prevents plastic pollution, Shrinks carbon footprint",Eco Pure Waters,"% of sites with a mains-fed filtration system installed, and estimated number of single-use plastic bottles avoided per year per site",The bottle-avoidance figure makes the environmental outcome visible not just the infrastructure investment,"Venues installed on-site commercial filtration hardware (such as Blu Glass systems, countertop units, and corridor self-serve stations) tailored to high-traffic areas like dining rooms, guest suites, spas, and lounges.
Large-scale hotels (like the Crowne Plaza Kings Cross) integrated a heavy-duty Quattro Filler upgrade, allowing hospitality staff to fill four bottles simultaneously to save time during room preparation.
Operations eliminated single-use waste by provisioning custom-designed, reusable glass containers (such as Felix and Franklin bottles) paired with reusable or tamper-evident closures.
Staff integrated washing, sanitisation, and on-site refilling into standard daily cleaning and catering workflows, completely bypassing the traditional commercial beverage supply chain
","Grantley Hall (47 rooms, 5 eateries): Eliminates over 160,000 single-use bottles annually, avoiding approximately 47 tonnes of CO2 and securing £119,000 in annual savings (an 80% cost reduction per bottle)
Marriott Regents Park (304 rooms & suites): Eradicates 141,000 single-use bottles per year, cutting carbon by 40 tonnes of CO2 and dropping procurement costs by £104,000 annually (an 80% cost reduction per bottle)"
Nature & Resources,Water Management,Water,Recycle rainwater and grey water,Recycle rainwater and grey water,"Collecting and treating rainwater or lightly contaminated grey water for suitable non-potable uses such as toilet flushing, irrigation or cleaning.","Restaurant, QSR, Pubs/Bars, Contract Caterers, Hotels, Brewries, Experiential Leisure",-,"Slashes water supply costs, Lowers sewage and drainage fees, Preserves pristine freshwate, Recharges local aquifers",Abu Dhabi Premier Inn,"Volume of rainwater or grey water harvested and reused per year in m³, and the % of total site water demand that volume represents",A small harvesting system in a high-consumption venue might cover 0.5% of demand and be barely worth the cost. The denominator keeps the initiative honest,"The engineering network isolates and collects relatively low-pollutant wastewater exclusively from bathing and showering across all 300 guest rooms.
Harvested greywater passes through an advanced ultrafiltration membrane system to mechanically trap impurities, organic compounds, and microorganisms
Once processed to non-potable standards, the water is fed back into a separated plumbing loop to meet structural facility demands
The recycled water is completely redirected to handle two specific high-volume, non-drinkable demands: restroom toilet flushing and landscape irrigation","The facility successfully recycles and saves an average of 735,000 litres of water per month
The intervention reduced the property’s total baseline monthly water consumption by 24%
Successfully reduced total incoming water usage by an equivalent of 60 litres per hotel guest
 Reached an operational milestone where 100% of the toilets across the public and room restrooms operate entirely on recycled greywater"
Nature & Resources,Water Management,Water,Procure water sustainably.,Procure water sustainably.,"Purchasing water and water-related services in a way that considers local scarcity, environmental impact, efficiency and long-term resilience.","Restaurant, QSR, Pubs/Bars, Contract Caterers, Hotels, Brewries, Experiential Leisure",-,"Guarantees Business Continuity, Unlocks Green Capital, Eliminates Regulatory Fines, Relieves High-Stress Catchments, mproves Shared Water Security, Drives Upstream Efficiency",Accor Group,Remove,Remove,,
Nature & Resources,Water Management,Water,Self-supply water direct from the wholesale water market,Self-supply water direct from the wholesale water market,"Buying water directly from the competitive wholesale market rather than solely through the default retail supplier, where regulation permits.","Restaurant, QSR, Pubs/Bars, Contract Caterers, Hotels, Brewries, Experiential Leisure",-,"Eradicates Retail Profit Margins, Direct Data and Metering Control, Consolidated Multi-Site Billing, Data-Driven Water Stewardship, Incentivizes Infrastructure Efficiency",Multi Operator Joint Savings,"Binary (wholesale contract in place), % reduction in water unit cost versus previous retail tariff, and confirmation of improved consumption data access from the arrangement",This is primarily a commercial and data-access play. Without tracking cost and data quality it risks being counted as a sustainability action when the driver is cost reduction,"Regulatory Licensing
Direct Wholesaler Partnerships
The business assumes in-house accountability for tasks typically handled by an external seller, including customer queries, automated meter reading (AMR) scheduling, and market settlement reconciliation
Advanced logging hardware and smart telemetry are deployed across all physical property meters to secure clean, real-time consumption feedback loops","Companies bypass third-party retail markups entirely, unlocking direct access to the protected baseline wholesale price guaranteed to commercial suppliers
Strategic self-suppliers achieved an aggregate drop of 567Mn litres of water saved in a single year cycle, representing an immediate 5% reduction in total baseline consumption
Data-driven leak fixes and water audits triggered by direct market visibility typically yield an extra 2% to 5% cost incentive purely from optimized consumption drops"
Nature & Resources,Water Management,Water,Complete supply chain water mapping covering top 5 commodities by estimated water use,"Understand your water footprint across your supply chain & introduce policies to reduce water consumption, particularly in water stressed regions","Assessing water use and water-related impacts across the supply chain and establishing policies to reduce consumption, especially in water-stressed locations.","Restaurant, QSR, Pubs/Bars, Contract Caterers, Hotels, Brewries, Experiential Leisure",-,"Prevents Commodity Cost Shocks, Ensures Regulatory Compliance, Enhances Scope 3 Risk Disclosure, Reduces Virtual Water Footprint, Drives Upstream Circularity",Accor Group,% of total food and ingredient spend mapped for water intensity,,"Life Cycle Sourcing Assessments
High-Risk Portfolio Segmentation
Commodity categories were split into a three-tier risk index (standard, at risk, and high risk) based on raw volume, social/environmental criteria, customer-facing risk, and Accor’s direct market influence
Third-Party Evaluation Standardisation
Suppliers are legally required to sign the Procurement Charter 21 during onboarding. This contractually binds them to introduce low-flow plumbing components or ecological, non-polluting chemistry (such as ozone washing technologies)
Targeted Supplier Auditin","The tracking project successfully identified that 68% of Accor's total global water footprint is concentrated entirely within its Scope 3 value chain
Mapping isolated that the procurement of food items for hotel bars and restaurants accounts for around 46% of that total footprint, pinpointing crop irrigation and livestock watering as major critical vulnerabilities
Achieved a milestone where 100% of nominated suppliers successfully signed the Procurement Charter 21
Evaluated and mapped 97% of all high-risk and at-risk purchasing categories via EcoVadis, capturing data across 85% of total corresponding vendors
Completed formal, independent SMETA water audits for 449 high-risk suppliers, representing 92% of the high-risk vendor base
successfully prevented 657,367 meals from being wasted, indirectly saving the upstream virtual water used to grow them and avoiding 1,643 metric tons of CO2"
Nature & Resources,Water Management,Water,Publish a water reduction policy with targets for water-stressed regions,"Understand your water footprint across your supply chain & introduce policies to reduce water consumption, particularly in water stressed regions","Assessing water use and water-related impacts across the supply chain and establishing policies to reduce consumption, especially in water-stressed locations.","Restaurant, QSR, Pubs/Bars, Contract Caterers, Hotels, Brewries, Experiential Leisure",-,,,"Policy published with named targets for water-stressed regions, named owner, annual review date",,,
Nature & Resources,Water Management,Water,Use high-efficiency shower and faucet aerators,Use high-efficiency shower and faucet aerators,Installing high-efficiency showerheads and tap aerators that reduce water flow while maintaining acceptable user experience.,"Restaurant, QSR, Pubs/Bars, Contract Caterers, Hotels, Brewries, Experiential Leisure",-,"Dual Utility Savings, Ultra-Fast Capital Payback, Decreased Infrastructure Strain, Preserves Asset Valuation, Substantial Resource Conservation, Eases Wastewater Municipal Strains",Oxmaint,"% of guest-room showers and faucets fitted with certified high-efficiency aerators, and % reduction in water flow rate in litres per minute versus pre-installation baseline",Flow rate reduction is objectively measurable and independent of occupancy fluctuations,"Engineers walk every floor using a physical flow-bag kit. They log the current Gallons Per Minute (GPM) of every fixture into the CMMS asset register and gather 12 months of utility meter history to establish a clean baseline
Maintenance teams replace standard bathroom faucet aerators (typically 1.5–2.2 GPM) with ultra-efficient 0.5 GPM units across all guest rooms
Standard showerheads (2.5–3.0 GPM) are swapped out for 1.75–2.2 GPM EPA WaterSense-labeled units. Technicians check physical water pressure during installation to ensure guest spray perception is unchanged, logging the installation as a formal work order against the room asset
Teams install low-cost dual-flush valves or flappers to reduce high-volume toilet flushes down to a 1.1/1.6 gallon configuration
Engineers pull hourly sub-meter data to run a 14-day normalized comparison against the week 1 baseline, confirming the structural drop in consumption
Rather than allowing savings to fade, the CMMS auto-assigns quarterly flow audits across a randomized 20% sample of rooms. Any fixture exceeding 110% of its rated specification immediately triggers a corrective work order to address clogs or drift","Properties achieve an immediate 20% to 40% reduction in total water consumption within the first 12 months
Swapping to a 0.5 GPM faucet aerator costs just $1.40 in materials per room. It saves $36 annually, yielding a full capital payback period of just 2 weeks
Installing a 1.75 GPM showerhead costs $18.00 per room. It yields $58 in annual savings, paying for itself in 4 months
Swapping out a 1.5 GPM aerator cuts water use by 0.7 GPM. Based on 12 minutes of daily use at 72% occupancy, a single 180-room property saves 370,000 gallons of water annually on faucets alone
For a typical 150-room property, a comprehensive fixture retrofit delivers a full capital payback in under 15 months
A 240-room full-service resort utilizing this exact workflow cut water consumption by 34%, dropping its annual water utility bill from $185,000 down to $122,000"
Nature & Resources,Water Management,Water,Remove,"Introduce policies to reduce water consumption, particularly in water stressed regions","Establishing formal policies and targets to reduce direct and supply-chain water use, particularly in water-stressed regions.","Restaurant, QSR, Pubs/Bars, Contract Caterers, Hotels, Brewries, Experiential Leisure",-,,,Remove,Remove,,
Nature & Resources,Water Management,Brewing,Optimise hot liquor use,Optimise hot liquor use,"Reducing unnecessary hot-liquor production and losses through improved measurement, scheduling, recovery and process control.","Brewries, Pubs/Bars (partial)","Restaurant, QSR, Contract Caterers, Hotels, Experiential Leisure","Slashes Heating Fuel and Energy Bills, Accelerates Production Cycle Efficiency, Reduces Direct Wastewater Utility Levies, Lowers Boiler Upkeep Costs, Cuts Scope 1 and 2 Thermal Emissions, Prevents Thermal Pollution in Local Biomes, Promotes Closed-Loop Water Circularity",9White Beer,"Litres of hot liquor used per hectolitre of beer produced, measured monthly against a defined baseline year",Per-hectolitre normalisation separates genuine efficiency improvement from production volume changes,"The brewery installed a large 3,000-litre insulated hot liquor tank to store and maintain water at optimal brewing temperatures, preventing heat dissipation.
Upgraded engineering heat exchangers were integrated directly into the brewing line. This allows the system to recapture heat from hot wort during the cooling phase and transfer it back to pre-heat incoming cold brewing water.
he brewery overhauled its chilled water infrastructure to fine-tune temperature control, reducing the raw energy required to cool down process fluids
hermal processes were synchronized with an on-site 30 kWp rooftop solar PV array and smart energy management tools. This configuration enables the team to shift energy-intensive hot liquor heating cycles to times of peak solar generation","Transitioning to index-linked wholesale electricity paired with smart thermal load shifting reduced energy costs by 40%
The integrated rooftop solar array successfully supplies roughly 36% of the brewery's annual electricity use, generating up to 180 kWh per day during the summer
The thermodynamic integration of the upgraded heat exchangers and the 3,000L tank immediately maximized solar energy use and reduced raw water consumption per litre of beer produced"
Nature & Resources,Water Management,Brewing,Optimise CIP wash temperature,Optimise CIP wash temperature,Optimising cleaning-in-place wash temperatures to use no more heat than required for effective hygiene and product safety.,"Brewries, Pubs/Bars (partial)","Restaurant, QSR, Contract Caterers, Hotels, Experiential Leisure","Slashes Thermal Energy Bill, Accelerates Uptime and Turnaround, Extends Asset and Pipe Lifespan, Cuts Direct Carbon Footprint, Prevents Thermal Runoff Pollution, Supports Onsite Water Circularity",CIP,"Average CIP wash temperature in °C tracked monthly, energy consumption per CIP cycle in kWh, and water volume per CIP cycle in litres — all against a baseline","CIP optimisation simultaneously affects temperature, energy, and water. Tracking only one risks improving one at the expense of another",,
Nature & Resources,Water Management,Brewing,Reduce water temp in laundry; and line dry linens where possible,Reduce water temp in laundry; and line dry linens where possible,Lowering laundry wash temperatures where hygiene standards allow and using line drying instead of mechanical drying where practical.,"Hotels, Pubs/Bars (partial), Experiential Leisure (partial)","Restaurant, QSR, Contract Caterers, Brewries","Slashes Thermal Energy Bills, Eliminates Dryer Energy Overhead, Extends Linen and Textile Lifespan, Brings down GHGs, Eliminates Localized Heat Waste",Apple Farm Inn,"Average laundry wash temperature in °C, % of eligible loads line-dried versus machine-dried, and kWh per kg of laundry processed",The energy-intensity figure captures the combined impact of both temperature reduction and drying method without being confused by changes in total laundry volume,"On-site hardware utilizes electrical currents to safely convert ambient oxygen into ozone gas
The generated ozone is automatically dissolved and diffused into the incoming cold water supply lines connected to the commercial washing machines.
Because ozone acts as a highly potent oxidizing agent, it rapidly destroys bacteria, viruses, and organic soils in cold water—completely eliminating the historic operational mandate to wash sheets and towels at high temperatures (130°F–140°F+)
The natural chemical efficiency of ozone allows engineers to replace traditional multi-step hot wash profiles with a shortened, ambient-temperature washing program
Ozone naturally relaxes fabric fibers during the wash wheel cycle. This maximizes moisture extraction during the final spin cycle, lowering the residual moisture retention of the linens before they enter the drying or air-line phase.","The hotel successfully reduced its overarching laundry operational costs by 40%
Swapping to cold-water laundering slashed elevated-temperature water requirements by 37 gallons (a 27% drop) per wash load, immediately lowering natural gas and electrical utility bills
The optimized rinse cycles reduced overall water consumption by 22 gallons per single wash load
The compressed cycle profiles stripped a verified 11 minutes out of total laundering time per load
The enhanced oxidation properties of ozone enabled a 21% reduction in total laundry chemicals (saving 1.6 ounces of detergent and bleach per load)"
Nature & Resources,Waste & Circularity,Waste Management,Conduct a waste characterisation assessment,Conduct a waste characterisation assessment,"A structured analysis of the types, quantities and sources of waste generated by an organisation or site.","Restaurant, QSR, Pubs/Bars, Contract Caterers, Hotels, Brewries, Experiential Leisure",-,"Lowers Landfill and Hauling Fees, Identifies Procurement Overspending, Optimizes Collection Bin Logistics, Uncovers Recyclable Revenue Streams, Maximizes Landfill Diversion, Cuts potent GHGs, Conserves Global Resource Lifecycles",Reeco,"Binary completion per site, with output being a breakdown of waste by stream (food, dry mixed recycling, general, cooking oil) expressed as kg per week and % of total waste",A total weight figure alone tells you nothing about where to intervene. Stream-level data is the minimum useful output,,
Nature & Resources,Waste & Circularity,Waste Management,"Set a documented food waste reduction target with a baseline year, an interim milestone, and a final target date",Set targets to reduce food waste.,"Setting measurable, time-bound goals to reduce avoidable food waste across purchasing, storage, preparation, service and plate waste.","Restaurant, QSR, Pubs/Bars, Contract Caterers, Hotels, Brewries, Experiential Leisure",Partial for Experiential Leisure & Brewries,"Reduces COGS, Lowers Direct Inventory Spoilage, Cuts Monthly Hauling Fees, Improves Culinary Labor Productivity, Cuts GHGs, Saves Embedded Virtual Water, Minimizes Land-Use Impact",MGM,"kg of food waste per cover or per £1,000 of revenue against a documented baseline, with a % reduction target and dated deadline",Absolute waste tonnes can fall simply because business got quieter. Intensity metrics are the only defensible way to claim genuine operational improvement,,
Nature & Resources,Waste & Circularity,Waste Management,Segregate food waste for composting or Anaerobic Digestion ,Segregate food waste for composting or Anaerobic Digestion (AD),Separating food waste from general waste so it can be treated through composting or anaerobic digestion rather than landfill or incineration.,"Restaurant, QSR, Pubs/Bars, Contract Caterers, Hotels, Brewries, Experiential Leisure",Partial for Experiential Leisure & Brewries,"Lowers General Waste Costs, Avoids Commercial Compliance Penalties, Cuts Landscape Maintenance Overhead, Mitigates Potent Landfill Gases, Restores Natural Soil Nutrients, Encourages Zero-Waste Circularity",US Dept of Agri ,"% of total food waste by weight diverted to composting or AD rather than general waste or landfill, measured monthly via contractor reports","Contractor data provides an independent source rather than relying on self-weighing, which is unreliable",,
Nature & Resources,Waste & Circularity,Waste Management,Distribute Surplus Food via a credible distribution partner,Distribute surplus food,"Redistributing safe, edible surplus food to employees, community groups, charities or other users instead of disposing of it.","Restaurant, QSR, Pubs/Bars, Contract Caterers, Hotels, Brewries, Experiential Leisure",Partial for Experiential Leisure & Brewries,"Lowers Commercial Disposal Fees, Uncovers Upstream Sourcing Flaw, Unlocks Corporate Tax Deductions, Prevents Methane Landfill Vents, Preserves Embedded Lifecycle Resources",Hilton,kg of surplus food redistributed per month and estimated number of meals provided via a named partner,Without a named partner this can be satisfied by occasionally giving leftovers to staff,"The kitchen team systematically isolated and gathered high-quality food assets that could not be commercially sold
The hotel established a long-term partnership with The Felix Project, a local charity dedicated to fighting hunger by collecting fresh surplus food and routing it to schools and regional charities
Instead of simply handing over raw ingredients, the hotel leveraged its massive kitchen footprint and large freezer storage. Multi-departmental staff volunteers and chefs collaboratively upcycled the donations into ready-to-eat, portion-controlled microwavable meals.
The culinary team dynamically engineered recipes around whatever was delivered, combining their own surplus kitchen items with charity-provided overstock
the hotel's on-site restaurant introduced separate zero-waste menus, utilizing cross-utilization techniques
The entire operational volume and downstream disposal avoidance are managed and tracked using LightStay, Hilton’s award-winning proprietary ESG management system","Over the course of the partnership, the team successfully collected and redirected a verified 10.15 tonnes of surplus food
The kitchen volunteers transformed this saved mass into over 73,000 ready-to-eat microwavable meals for vulnerable local populations
Prevents Methane Landfill Vents
Lowers Commercial Disposal Fees
Unlocks Brand Premium and Client Alignment
Boosts Team Culture and Moral Engagement"
Nature & Resources,Waste & Circularity,Waste Management,Optimise portion sizes to reduce plate waste; plan demand through data,Optimise portion sizes to reduce plate waste; plan demand through data,"Using portion control, sales and demand data to better match food preparation and serving sizes with customer demand and reduce plate and production waste.","Restaurant, QSR, Pubs/Bars, Contract Caterers, Hotels, Brewries, Experiential Leisure",Partial for Experiential Leisure & Brewries,"Lowers COGS, Minimizes Production Overruns, Cuts Waste Disposal Fees, Optimizes Kitchen Labor, Reduces Scope 3 Lifecycle Footprint, Prevents Landfill Methane Emissions",Nordic,"kg of plate waste per cover, and food cost variance as a secondary KPI",Connecting plate waste to a financial metric operations teams already track makes this initiative relevant to managers who don't think in kg,"Structural Hardware Alteration
Psychological Signage Prompts
Controlled Field Testing
Macro Observational Validation","Both the plate-size reduction and the secondary signage nudges independently resulted in a roughly 20% absolute reduction in hotel food waste
Prevents Landfill Methane Emissions
Reduces Scope 3 Lifecycle Footprint
Minimizes Production Overruns"
Nature & Resources,Waste & Circularity,Waste Management,Complete a circularity audit covering the top three waste streams by volume and identify at least one viable circular option per stream within 90 days,Assess opportunities for circularity,"Identifying ways to keep products, materials and resources in use for longer through reuse, repair, refurbishment, remanufacture or recycling.","Restaurant, QSR, Pubs/Bars, Contract Caterers, Hotels, Brewries, Experiential Leisure",-,"Reduces Cap Ex, Lowers Trade Disposal Surcharges, Unlocks Procurement Value Mapping, Generates Secondary Salvage Revenue, Curtails Extraction and Manufacturing Emissions, Maximizes Landfill Diversion",Hospitality 360,"Number of waste streams audited, number of viable circular options identified, and number actually implemented within 12 months of the audit",An audit that never leads to action is just a report. The implementation count is what distinguishes a completed exercise from a real outcome,"Physical Mass Characterization
Procurement Value Mapping
Circularity Sourcing Hackathons
Commercial Feasibility Inquest
The 90-Day Circularity Action Plan","Implementing the identified circular solutions successfully shifts the facility's baseline metrics to achieve a 50% to 65% absolute diversion rate from local landfills
Diverting dense, heavy organic and packaging streams out of general refuse containers yields an immediate 30% to 42% reduction in commercial trade disposal fees and volumetric tipping taxes
Mitigates Evolving Regulatory Compliance Risks"
Nature & Resources,Waste & Circularity,Waste Management,Train operational teams to reduce production waste and measure pre/post-training waste performance,Train operational teams to reduce production waste,"Training operational employees to prevent production waste through better forecasting, preparation, handling, storage and process control.","Restaurant, QSR, Pubs/Bars, Contract Caterers, Hotels, Brewries, Experiential Leisure",-,"Optimized Raw Ingredient COGS, Drastic Drop in Storage Spoilage, Lowered Daily Trash Disposal Bills, Maximized Shift Productivity, Reduced Scope 3 Value Chain Footprint, Mitigated Landfill Methane Emissions",Marriott,"% of relevant operational staff trained with a completion record, and change in food waste per cover at trained sites versus untrained sites over the same period",Training that doesn't move the waste number isn't working. The before/after comparison proves whether training was worth delivering,"Integrated Tracking Hardware
Targeted Waste Stream Identification
Dynamic Operational Adjustments
Data-Driven Sourcing and Production Sheets
Visual Performance Feedback","The hotel achieved a verified 66% reduction in food waste by financial value
Successfully dropped the physical volume of organic waste by 58% by weight
adjusting portion sizes and tray configurations in the staff canteen cut organic waste by 20 pounds per day, saving over 7,000 pounds of food annually
Reduced Scope 3 Value Chain Footprint"
Nature & Resources,Waste & Circularity,Waste Management,Quantify your food waste,Quantify your food waste,"Measuring the amount, type, source and cost of food waste consistently to establish a baseline and track reduction progress.","Restaurant, QSR, Pubs/Bars, Contract Caterers, Hotels, Brewries, Experiential Leisure",Partial for Experiential Leisure & Brewries,"Pinpoints Financial Bleeding, Identifies the Root Source, Optimizes Procurement Budgets, Reduces Waste Hauling Fees, Shrinks the Scope 3 Value Chain Footprint, Cuts Landfill Methane Emissions",Winnow,"kg of food waste per week per site broken down by pre-consumer and post-consumer waste where possible, using a named methodology",Two sites measuring food waste differently produce numbers that cannot be compared. The named methodology requirement creates comparability across the estate,"Automated Data Capture
Machine Learning Identification
Overcoming Surveillance Anxieties
Dynamic Menu Adjustments","Establishments using the technology successfully reduce their total food waste volumes by up to 50% within the first year
Quantifying waste allows commercial kitchens to shrink their overarching food procurement costs by between 3% and 8%
The technology delivers a full, positive ROI within the first 12 months in roughly 95% of commercial cases
Implementing this exact system across 23 UK and Ireland IKEA stores drove a 50% food waste reduction, saving in excess of £1.4Mn in a single year (the equivalent of over 1.2 Mn meals)
On a macro level, the business model has enabled hospitality clients to collectively save the equivalent of 36 million meals every year"
Nature & Resources,Waste & Circularity,Waste Management,Extend the life of your cooking oil,Extend the life of your cooking oil,"Extending the usable life of cooking oil through correct storage, filtration, temperature control and operating practices.","Restaurant, QSR, Pubs/Bars, Contract Caterers, Hotels, Brewries, Experiential Leisure",Partial for Experiential Leisure & Brewries,"Slashes Procurement Costs, Controls Procurement Shrinkage, Reduces Heavy Kitchen Labor, Protects Menu Consistency and Quality, Cuts Scope 3 Upstream Lifecycle Pressures, Reduces Carbon Discharges, Improves Circular Economy Feedstocks",Burger King,"Average number of frying cycles per oil charge before disposal, and litres of oil consumed per £1,000 of fried-food revenue",The intensity figure separates genuine extension of oil life from a reduction in fried-food menu volume,"Stores established a ""Pre-Test"" baseline using a digital oiltester to measure the Total Polar Materials (% TPM) of frying oil, setting a strict quality retirement limit of 24% TPM
Test locations ran a standard daily procedure consisting of evening built-in fryer filtration followed by morning TPM oil-quality logging and documentation
During the active test phase, teams integrated mobile VITO microfiltration systems into their morning routine, using a high-pressure, 60 l/min pressure-vortex filter paper loop directly inside active vats for a standard 4.5-minute cycle time
The procedure was independently validated across two distinct high-volume equipment setups: dedicated French Fries Fryers and multi-use product Fryers","Extended average oil lifespan from 5 days to 8 days (a 60% duration increase), saving 27.3 full oil changes per year and cutting oil demand by 37.5%
Delivered a consistent 30% to 36% absolute reduction in frying oil consumption across all store profiles
Delivered a consistent 30% to 36% absolute reduction in frying oil consumption across all store profiles
Generated financial oil cost savings of €180.00 to €350.00 per month, translating directly to €2,300.00 to €4,622.00 in annual net savings per restaurant
Factoring in the machine expenditure and ongoing paper filter operating costs, the equipment completely paid for itself with an ROI of 6.6 to 12.8 months"
Nature & Resources,Waste & Circularity,Waste Management,Recycle your used cooking oil at end of life,Recycle your used cooking oil at end of life,"Collecting used cooking oil at the end of its useful life for responsible recycling, including conversion into fuels or other products where appropriate.","Restaurant, QSR, Pubs/Bars, Contract Caterers, Hotels, Brewries, Experiential Leisure",Partial for Experiential Leisure & Brewries,"Slashes Procurement Costs, Controls Procurement Shrinkage, Reduces Heavy Kitchen Labor, Protects Menu Consistency and Quality, Cuts Scope 3 Upstream Lifecycle Pressures, Reduces Carbon Discharges, Improves Circular Economy Feedstocks",Burger King,"% of total used cooking oil volume collected by a licensed collector rather than disposed of as general waste, measured via collection records",Licensed-collector records provide independent verification and ensure the oil actually becomes biodiesel or another useful output,"Stores established a ""Pre-Test"" baseline using a digital oiltester to measure the Total Polar Materials (% TPM) of frying oil, setting a strict quality retirement limit of 24% TPM
Test locations ran a standard daily procedure consisting of evening built-in fryer filtration followed by morning TPM oil-quality logging and documentation
During the active test phase, teams integrated mobile VITO microfiltration systems into their morning routine, using a high-pressure, 60 l/min pressure-vortex filter paper loop directly inside active vats for a standard 4.5-minute cycle time
The procedure was independently validated across two distinct high-volume equipment setups: dedicated French Fries Fryers and multi-use product Fryers","Extended average oil lifespan from 5 days to 8 days (a 60% duration increase), saving 27.3 full oil changes per year and cutting oil demand by 37.5%
Delivered a consistent 30% to 36% absolute reduction in frying oil consumption across all store profiles
Delivered a consistent 30% to 36% absolute reduction in frying oil consumption across all store profiles
Generated financial oil cost savings of €180.00 to €350.00 per month, translating directly to €2,300.00 to €4,622.00 in annual net savings per restaurant
Factoring in the machine expenditure and ongoing paper filter operating costs, the equipment completely paid for itself with an ROI of 6.6 to 12.8 months"
Nature & Resources,Waste & Circularity,Waste Management,Recycle equipment at end-of-life,Recycle equipment at end-of-life,"Ensuring equipment is reused, refurbished, resold or recycled responsibly when it reaches the end of its operational life.","Restaurant, QSR, Pubs/Bars, Contract Caterers, Hotels, Brewries, Experiential Leisure",-,"Recovers Residual Asset Value, Slashes Future Procurement Outlays, Minimizes Bulky Waste Disposal Fees, Mitigates E-Waste and Heavy Metal Leakage, Drastically Lowers Embedded Lifecycle Emissions, Feeds the Manufacturing Circular Loop",Exeter CE,"% of end-of-life equipment by unit count disposed of through a certified WEEE recycler or refurbishment channel, and kg of equipment diverted from landfill per year","Unit count catches negligence (recycling one phone while disposing of 10 fridges badly), and kg tracks the actual material volume diverted","Digital Lifecycle Mapping
On-Site Asset Auditing
Circular Potential Classification
Component-Level Harvesting","Refurbishing and retaining three existing units—instead of buying brand-new linear replacements—delivered more than £17,700 in direct cost savings to the business
Safely harvesting and retaining working parts from the remaining decommissioned products generated over £9,000 in internal component cost savings
Selling the remaining unneeded harvested spare parts into regional technical supply markets generated £2,332 in direct secondary income
The initial site diagnostic successfully uncovered an immediate £6,000 to £7,000 in hidden purchase value tied up in completely idle, unutilized kitchen assets"
Nature & Resources,Waste & Circularity,Waste Management,Promote takeaway options for unfinished food,Promote takeaway options for unfinished food,"Offering customers suitable containers or services to take unfinished food away, helping reduce plate waste.","Restaurant, QSR, Pubs/Bars, Contract Caterers, Hotels, Brewries, Experiential Leisure",Partial for Experiential Leisure & Brewries,"Lowers Organic Waste Fees, Enhances Customer Perceived Value, Uncovers Menu Portion Issues, Prevents Methane Landfill Vents, Preserves Embedded Lifecycle Resources",Trimming the plate,"% of sites offering a named take-home option (doggy bag, reusable container scheme, or third-party app), and where the scheme tracks it, estimated kg of food saved from disposal per month","You cannot weigh food customers take home. Availability is the honest primary KPI, with volume as an optional secondary where a tracking scheme exists","Refurbishing and retaining three existing units—instead of buying brand-new linear replacements—delivered more than £17,700 in direct cost savings to the business
Safely harvesting and retaining working parts from the remaining decommissioned products generated over £9,000 in internal component cost savings
Selling the remaining unneeded harvested spare parts into regional technical supply markets generated £2,332 in direct secondary income
The initial site diagnostic successfully uncovered an immediate £6,000 to £7,000 in hidden purchase value tied up in completely idle, unutilized kitchen assets","Refurbishing and retaining three existing units, instead of buying brand-new linear replacements delivered more than £17,700 in direct cost savings to the business
Safely harvesting and retaining working parts from the remaining decommissioned products generated over £9,000 in internal component cost savings
Selling the remaining unneeded harvested spare parts into regional technical supply markets generated £2,332 in direct secondary income
The initial site diagnostic successfully uncovered an immediate £6,000 to £7,000 in hidden purchase value tied up in completely idle, unutilized kitchen assets"
Nature & Resources,Waste & Circularity,Waste Management,"Reduce active menu SKU count by a defined %, and measure the impact on food waste per cover over the following 90 days",Simplify menus to reduce waste,"Reducing unnecessary menu complexity to improve forecasting, ingredient utilisation, stock rotation and waste prevention.","Restaurant, QSR, Pubs/Bars, Contract Caterers, Hotels, Brewries, Experiential Leisure",Partial for Experiential Leisure & Brewries,"Lowers COGS, Drastically Minimizes Inventory Capital, Improves Kitchen Prep Productivity, Cuts Scope 3 Upstream Value Chain Footprint, Prevents Landfill Methane Emissions",Trimming the plate,"Number of active SKUs before and after, and food waste per cover before and after at the same sites over a comparable trading period",A shorter menu does not automatically reduce waste if remaining dishes still over-produce. The waste-per-cover figure proves whether simplification actually worked,"Refurbishing and retaining three existing units—instead of buying brand-new linear replacements—delivered more than £17,700 in direct cost savings to the business
Safely harvesting and retaining working parts from the remaining decommissioned products generated over £9,000 in internal component cost savings
Selling the remaining unneeded harvested spare parts into regional technical supply markets generated £2,332 in direct secondary income
The initial site diagnostic successfully uncovered an immediate £6,000 to £7,000 in hidden purchase value tied up in completely idle, unutilized kitchen assets","Refurbishing and retaining three existing units, instead of buying brand-new linear replacements delivered more than £17,700 in direct cost savings to the business
Safely harvesting and retaining working parts from the remaining decommissioned products generated over £9,000 in internal component cost savings
Selling the remaining unneeded harvested spare parts into regional technical supply markets generated £2,332 in direct secondary income
The initial site diagnostic successfully uncovered an immediate £6,000 to £7,000 in hidden purchase value tied up in completely idle, unutilized kitchen assets"
Nature & Resources,Waste & Circularity,Waste Management,Process food waste on-site,Process food waste on-site,"Using on-site technologies such as dehydration, composting or biological treatment to reduce or process food waste at the point of generation.","Restaurant, QSR, Pubs/Bars, Contract Caterers, Hotels, Brewries, Experiential Leisure",Partial for Experiential Leisure & Brewries,"Drastically Lowers Hauling and Tipping Fees, Eliminates High-Frequency Pickups, Cuts Outbound Landscaping Costs, Future-Proofs Against Bio-Waste Taxes, Stops Potent Landfill Methane Emissions, Eliminates Scope 3 Collection Truck Emissions",Grand hyatt,"% of total food waste by weight processed on-site, and output produced per tonne of food waste input (kg of compost, litres of liquid feed, or kWh of biogas)",On-site processing that produces a useful output is materially different from treatment that simply reduces volume before landfill. The output metric distinguishes the two,"Kitchen staff and back-of-house teams discard food scraps, fish skins, fat, and meat bones directly into MEIKO WasteStar vacuum inlets installed right at their workstations
The waste is immediately sucked away through an automated vacuum system into a centralized grinder and dewatering unit
The centralized unit pulps the waste and mechanically reduces its water content by 50%
The resulting dry pulp is transferred into an on-site 'Rapid Thermophilic Digestion System' (developed by Biomax Technologies). The system converts the pulp into pathogen-free organic fertilizer in under 24 hours
To support the initial installation budget, the hotel secured a US $250,000 grant through Singapore's National Environment Agency (NEA) 3R Fund","The combined vacuum and digestion process successfully reduces every 1,000 kg of daily food waste down to just 250 kg of organic fertilizer (a 75% mass reduction)
The hotel permanently diverts 400 tonnes of food waste out of landfills annually
Bypassing traditional bin disposal saves approximately 55,000 single-use trash bags every year"
Nature & Resources,Waste & Circularity,Waste Management,Responsibly dispose off or donate furniture and fittings at end-of-life,Responsibly dispose of or donate furniture and fittings at end-of-life,"Reusing, donating, reselling or recycling furniture and fittings at end of life rather than sending them to disposal.","Restaurant, QSR, Pubs/Bars, Contract Caterers, Hotels, Brewries, Experiential Leisure",-,"Slashes Massive Landfill and Hauling Fees, Unlocks Corporate Tax Incentives, Improved Brand Equity via Community Engagement, Reduces Operational Warehousing Costs, Cuts Material Extraction and Production Carbon, Halts Deforestation and Resource Depletion",Radisson,"% of end-of-life furniture and fittings by unit value disposed of through reuse, donation, or certified recycling rather than general waste, with named recipients or recyclers",Unit value weighting gives a more honest picture than unit count since a donated chair and a donated commercial refrigerator are not equivalent,"Disposal and redistribution frameworks are managed through a dual integration model, combining centralized corporate support directives with property-level execution managed by hotel General Managers
Dedicated Regional Responsible Business Champions vet, coordinate, and oversee localized donation logistics across Europe, the Middle East, Africa, and Asia Pacific to match idle assets with local needs
Hotel teams track resource management, donations, and landfill diversion indicators centrally through the THINK Hub data platform to verify compliance with global brand standards
Properties establish direct logistics partnerships with local non-profits, disaster-relief organizations, and global bodies (such as SOS Children's Villages) to safely transition items into secondary use
RHG enforces structural accountability by binding procurement partners to a strict Supplier Code of Conduct that mandates sustainable consumption and responsible material stewardship","Corporate offices and hotels collaboratively generated €1.25 million in cash and in-kind donations (including furniture, equipment, and structural assets) to non-profit organizations
Diverting bulk materials from landfill systems and adopting resource-efficient operations helped achieve a 33% reduction in carbon emissions per square metre compared to the 2019 baseline
These structured asset-recovery and operations standards contributed to 58% of the global hotel portfolio successfully qualifying for third-party verified ""Sustainable Stays"" status
Strategic partnerships supported by corporate resource distribution provided vital necessities and safe drinking water to 32,000 people globally"
Nature & Resources,Waste & Circularity,Waste Management,Recycle and responsibly dispose of staff uniforms at end-of-life,Recycle and responsibly dispose of staff uniforms at end-of-life,"Collecting, reusing, repurposing or recycling staff uniforms and textiles responsibly when they are no longer suitable for use.","Restaurant, QSR, Pubs/Bars, Contract Caterers, Hotels, Brewries, Experiential Leisure",-,"Slashes Industrial Hauling and Disposal Fees, Maximizes Brand Protection and Security, Trims Procurement Outlays via Uniform Pooling, Conserves Micro-Ecosystem Resources, Drastically Lowers Value Chain Carbon, Aviods textlie waste from going to landfill",360 Weave,"% of decommissioned uniforms by weight collected through a textile-recovery or recycling scheme rather than general waste, and the named scheme used",Honest but unlikely to move any material environmental metric for most operators. Worth keeping for completeness but should sit at the bottom of any prioritisation list,"Participating commercial properties gather thousands of keys' worth of torn, stained, or decommissioned operational textiles (such as staff uniforms, bed sheets, and kitchen linens) that are no longer fit for property service
Collected mass is contractually handed over to specialized logistics networks. For example, The First Group Hotels transferred 2.5 tons of textiles while Millennium Place Dubai Marina handed over 1 ton within a single target cycle
The gathered fabric materials are shipped to Dr. Linen's advanced processing and sortation facilities
Specialized equipment shreds, breaks down, and reconstitutes the fabrics at a fiber level. This mechanically transforms the spent waste back into raw, usable threads and textiles
The newly spun materials are either manufactured back into circular textiles to be reintroduced straight into the hospitality sector or allocated directly to community donation networks","The collaborative framework successfully intercepted and diverted an aggregate of 3.5 tons (3,500 kg) of structural textile waste away from municipal garbage skips in a single month
The operational infrastructure successfully scales across massive hospitality portfolios, instantly pulling metrics from organizations managing more than 2,800 rooms/keys
Maximizes Brand Protection and Security"
Nature & Resources,Waste & Circularity,Waste Management,Deploy [named technology] to monitor [named waste stream] and use data to reduce [waste type] by [target %] within 12 months,Use smart equipment and IoT technology to reduce waste,"Using connected equipment, sensors and Internet of Things technology to monitor operations, improve control and prevent food, material or energy waste.","Restaurant, QSR, Pubs/Bars, Contract Caterers, Hotels, Brewries, Experiential Leisure",-,"Eliminates Invisible Standby Energy Costs, Unlocks Predictive Maintenance, Prevents Inventory Spoilage and Shrinkage, Slashes Localized Operational Carbon, Avoids food waste & methane emissions from it",Sodexo,"% reduction in the targeted waste stream per site following deployment, measured against a pre-installation baseline over a minimum 3-month comparison period",A 3-month minimum catches whether the gain is sustained. Many IoT deployments produce an initial improvement that fades without ongoing behavioural reinforcement,"System Integration Onboarding
Smart Device Deployment
Real-Time Touchscreen Categorisation
Automated Cloud Reporting
Normalized Baseline Setting
Collaborative Action Reviews","Properties using the technology successfully achieved up to a 41% maximum reduction in grams of food waste per cover from their baseline, driving a collective 16% average reduction across the technology-based sites
The collaborative intervention contributed to preventing a total of 12 tonnes of food waste per annum across all trial locations
 The 7p/cover efficiency gains yielded £3,900 in direct cash savings within the short eight-week monitoring period alone, scaling to an equivalent of £25,000 in recurring annual savings across the smart meter sites"
Nature & Resources,Waste & Circularity,Packaging,"Optimise packaging materials - Reduce packaging materials used, and waste generated","Optimise packaging materials - Reduce packaging materials used, and waste generated","Redesigning packaging to use less material, eliminate unnecessary components and reduce waste across the product and delivery system.","Restaurant, QSR, Pubs/Bars, Contract Caterers, Hotels, Brewries, Experiential Leisure",-,"Lowers Primary Sourcing Costs, Reduces Logistics and Shipping Fees, Decreases Commercial Disposal Costs, Bypasses EPR Taxes, Cuts Lifecycle Carbon Footprint (Scope 3), Halts Natural Resource Depletion, Mitigates Plastic and Landfill Pollution",Herman Miller,"Average packaging weight per unit sold in grams per transaction, and % of packaging that is mono-material and therefore actually recyclable in the local waste infrastructure",A switch to eco packaging that is multi-layer or food-contaminated is still landfill. The mono-material figure tests whether packaging is genuinely recyclable not just labelled as such,"Herman Miller worked with its packaging suppliers to engineer custom, durable asset protections. This included five styles of sewn fabric covers for wood furniture, plastic corrugated containers with foam inserts for sheet metal panels, and bespoke reusable pallets for fabric floor screens
Over a 14-month delivery window, a dedicated carrier ran a daily full trailer load of furniture from the Michigan factory straight to the Texas construction site
Every Thursday, the site installation crews packed a week's worth of collapsed sewn covers and pallets back onto the empty trailer, returning them to Michigan for immediate factory reuse
The extreme physical protection of the reusable covers allowed logistics crews to change their stacking profiles. They stood heavy 72-inch wood credenzas completely upright and stacked lighter wood overheads directly on top to utilize the full height of the trailer
Engineering teams initiated planning 4 months before active shipments, coordinating between manufacturing departments, logistics handlers, regional dealers, and destination installers to align daily workflows","The initiative saved more than $500,000 in combined packaging material and freight expenses
he project permanently kept 100 tons (200,000 pounds) of packaging waste out of landfills
By bypassing single-use boxes, the factory entirely avoided the procurement and disposal of 150,000 EPS foam corner fillers and 120,000 pieces of corrugated cardboard
Boosting cube efficiency reduced required deliveries by over 200 full truckloads, taking at least 200 carbon-heavy trailers completely off the road
Reusable packing structures allowed logistics teams to scale their single-trailer cube utilization from a standard 65% baseline up to 95% or better
At ultimate retirement, the durable items leave Herman Miller with only 1% of the absolute material waste volume compared to traditional expendable alternatives"
Nature & Resources,Waste & Circularity,Packaging,Issue a formal packaging sustainability requirement to all packaging suppliers and request a specific measurable response within 90 days,Engage and work with current suppliers to reduce the impact of packaging,"Collaborating with packaging suppliers to reduce material use, improve recyclability, increase recycled content and lower life-cycle impacts.","Restaurant, QSR, Pubs/Bars, Contract Caterers, Hotels, Brewries, Experiential Leisure",-,"Bypasses Plastic Packaging Taxes, Guarantees Immediate Compliance with the EU PPWR, Secures Bulk Sourcing Cost Savings, Lowers Property Waste Disposal Overhead, Dramatically Decreases Scope 3 Value Chain Carbon, Eliminates Mixed-Material Landfill Waste",IHG Hotels,"% of packaging suppliers by spend who received a formal requirement, and % who responded with a specific measurable packaging-reduction commitment",Response rate distinguishes a sent email from a real negotiation,"InterContinental Hotels Group partnered directly with a prominent fruit and vegetable supplier servicing its regional portfolio
The circular transit framework was deployed systematically across 100% of IHG's company-managed hotel estate within the UK
Operations eliminated traditional single-use corrugated cardboard shipping boxes for fresh produce, replacing them with a standardized fleet of rugged, reusable plastic transit crates
The crates operate on a continuous reverse-logistics cycle, where delivery vehicles drop off fresh produce at hotel kitchens, collect empty crates from previous deliveries, and return them to the supplier for sanitisation and reuse","The transition successfully eliminates the procurement and handling of an estimated 14,500 cardboard boxes per year
Preventing single-use box disposal strips 9 tonnes of cardboard waste annually out of the hotel network’s back-of-house operations"
Nature & Resources,Waste & Circularity,Packaging,Switch to eco-friendly takeaway packaging,Switch to eco-friendly takeaway packaging,"Replacing conventional takeaway packaging with reusable, recyclable, compostable or lower-impact alternatives suited to local waste systems.","Restaurant, QSR, Pubs/Bars, Contract Caterers, Hotels, Brewries, Experiential Leisure",Partial for Experiential Leisure & Brewries,"Reduces Ongoing Packaging Costs, Lowers Waste Management Fees, Drives Customer Acquisition and Revenue, Bypasses Plastic Compliance Penalties, Slashes GHGs, Eradicates ""White Pollution"" and Microplastics",Hotrec,"% of takeaway packaging units by volume meeting the defined standard, and % reduction in virgin plastic units per month",Compostable packaging that ends up in general waste because no composting infrastructure exists locally is not eco-friendly in practice,"The chain phased out standard single-use plastic containers, replacing them with Kiobox—a highly durable, European-manufactured takeaway box made from a sturdy composite mix of ABS plastic and natural wood fibres
To optimize operational efficiency and maximize user accessibility, the business intentionally avoided complex mobile apps or data storage requirements. Instead, it functions as a direct, frictionless cash/card deposit and guarantee refund system at the point of sale
Facing a systemic lack of infrastructure support from external food delivery platforms, the chain restructured its fulfillment team. It scaled up its internal delivery fleet to directly control and manage 75% of all incoming takeaway orders, ensuring the smooth return of the boxes
The durable composite boxes are treated as operational assets rather than single-use trash, remaining in active restaurant-to-consumer circulation loops for over five years without degrading in material quality","The execution successfully prevented the procurement, handling, and disposal of over 5 million single-use takeaway boxes
The low-tech deposit framework achieved an impressive 90% return and retention rate for the packaging containers over a continuous five-year period
The circular packaging infrastructure seamlessly handles the capacity of a high-volume restaurant chain spanning 22 distinct locations"
Nature & Resources,Waste & Circularity,Packaging,Join the plastics pact,Join the plastics pact,"Joining a collaborative commitment or programme focused on eliminating problematic plastics, increasing reuse and improving recycling outcomes.","Restaurant, QSR, Pubs/Bars, Contract Caterers, Hotels, Brewries, Experiential Leisure",-,,,"Membership confirmed (binary), plus annual progress against WRAP's four targets: 100% reusable/recyclable/compostable packaging, 70% effectively recycled or composted, 30% average recycled content, and elimination of problematic plastics",Joining without reporting against the targets is performative. The four sub-KPIs are what WRAP itself uses to assess Pact members,,
Nature & Resources,Waste & Circularity,Packaging,"Design for reusability, removing single-use items and therefore reducing overall waste produced","Design for reusability, removing single-use items and therefore reducing overall waste produced",Designing products and service systems around reusable items so that single-use products and associated waste are avoided.,"Restaurant, QSR, Pubs/Bars, Contract Caterers, Hotels, Brewries, Experiential Leisure",-,"Eradicates Repetitive Procurement Spending, Cuts Trade Refuse Hauling Fees, Frees Up Premium Storage Footprint, Slashes Global Lifecycle Carbon Footprint, Cuts Raw Material and Resource Pressures, Mitigates plastic pollution",Grounds & Greens,"Number of single-use item types eliminated per year, and % reduction in single-use item units purchased per £1,000 of revenue",The revenue-intensity figure separates genuine design elimination from volume reduction caused by quieter trading,"Phase one involved a comprehensive review of global, Canadian, and regional policy landscapes driving the shift away from single-use plastics and disposables
Phase two identified and mapped regional restaurants, cafés, food vendors, and event organizations actively partnering with specialized third-party reusable container suppliers
Phase three conducted detailed field interviews with nimble, early-adopting food service organizations to analyze operational workflows, reverse logistics, and barrier integration
Phase four analyzed the data across distinct socio-economic vectors, evaluating real-world economic considerations, infrastructure constraints (such as washing hubs), and consumer behavioral habits","Businesses transition to a positive return on investment, capturing true cost savings within a few months to one year after removing single-use inventories
Transitioning away from disposable cups and food ware to high-rotation alternatives can minimize a facility's overarching ecological footprint by up to 80%."
Nature & Resources,Waste & Circularity,Packaging,"Complete LCAs on the top three packaging formats by volume, covering at minimum 80% of total packaging units used",Life cycle analysis (LCA) on packaging.,"Assessing the environmental impacts of packaging across raw materials, manufacture, transport, use and end-of-life stages.","Restaurant, QSR, Pubs/Bars, Contract Caterers, Hotels, Brewries, Experiential Leisure",-,,,"Number of packaging formats with a completed LCA, and % of total packaging spend those formats represent",Same logic as the commodity LCA initiative. Prioritisation by materiality is what makes this useful rather than a box-ticking exercise,,
Nature & Resources,Waste & Circularity,Packaging,Adopt a Circular approach for Waste Electrical and Electronic Equipment (WEEE),Adopt a Circular approach for Waste Electrical and Electronic Equipment (WEEE),"Managing electrical and electronic equipment according to circular principles, prioritising repair, reuse, refurbishment and compliant recycling.","Restaurant, QSR, Pubs/Bars, Contract Caterers, Hotels, Brewries, Experiential Leisure",-,,,"% of electrical and electronic equipment managed under a repair-first policy before disposal, % of disposed equipment handled by a certified WEEE recycler, and average asset life in years versus the industry benchmark for each equipment type",Asset life tracks the upstream benefit (avoiding embodied carbon from manufacturing replacements) which recycling data alone cannot capture,,
Nature & Resources,Waste & Circularity,Brewing,Install an anaerobic digestion plant to recover biogas,Install an anaerobic digestion plant to recover biogas,Installing anaerobic digestion to convert organic waste or wastewater into biogas and a residual material that may be used beneficially.,"Brewries, Pubs/Bars (partial)","Restaurant, QSR, Contract Caterers, Hotels, Experiential Leisure","Decentralized Energy Generation, Elimination of Waste Disposal and Tipping Fees, Eradication of Landscape Fertilizer Expenditures, Bypasses Landfill Bans and Organic Resource Taxes, Mitigates Highly Destructive Landfill Gases, Minimizes Downstream Municipal Sewer Strains",Bar Iberico,"Volume of biogas produced per tonne of organic input in m³ per tonne, % of site energy demand met by recovered biogas, and volume of digestate produced with its stated end use",The energy-substitution figure is the reason to install AD. Tracking biogas volume alone without connecting it to energy demand met misses the point of the investment,"Operational teams deployed specialized, independent food waste bins directly inside high-traffic kitchen preparation zones and dish-clearing lines
Kitchen staff were continuously coached to separate organic matter across its full operational journey—from kitchen preparation scraps and overproduction to customer plate leftovers
To ensure high kitchen hygiene standards and prevent odor build-up, a collection schedule was established to clear the external food waste bins six times a week
Rather than dumping the organic matter, Flame UK channeled the collection fleet straight to regional anaerobic digestion processing facilities
The captured methane gas undergoes micro-processing inside the AD plant to be converted into high-grade biodiesel. This fuel is immediately routed back to power the very trucks that complete the weekly commercial waste collections","The initiative successfully intercepted and diverted 6.4 tonnes (6,400 kg) of food waste entirely away from landfill systems within its first four months of operation
Elimination of Waste Disposal and Tipping Fees
Mitigates Highly Destructive Landfill Gases"
Nature & Resources,Waste & Circularity,Brewing,Minimise extract losses and product wastage,Minimise extract losses and product wastage,"Reducing raw-material, extract and product losses during production through improved control, maintenance, recovery and operating practices.","Brewries, Pubs/Bars (partial)","Restaurant, QSR, Contract Caterers, Hotels, Experiential Leisure"," Maximizes Directly Recovered Product Value, Lowers Upstream Sourcing Expenditures, Reduces Waste Treatment and Sewer Surcharges, Limits Unplanned Maintenance Downtime, Cuts Indirect Value Chain Carbon (Scope 3)",9White Beer,"Extract efficiency % (actual extract recovered versus theoretical maximum from raw materials), and total product loss as a % of production volume per batch, both measured per brew and tracked monthly against a baseline","Extract efficiency catches losses at the wort stage while product loss tracks everything lost downstream through spillage, tank residues, and filling losses","On-Site Nitrogen Generation
Gas-Driven Product Recovery
Upgraded Heat Exchangers
The infrastructure layout cuts immediate CO2 dependency while creating a technical pathway for future gas recovery and recycling directly from the fermentation vents","The on-site infrastructure successfully generates an exact purity profile of 99.999% pure nitrogen from raw ambient air
These tight process controls protect the integrity of a high-volume micro-manufacturing facility producing 300,000 litres of craft beer annually
When combined with smart load shifting and a 30 kWp rooftop solar array, the facility's overall energy operating costs dropped by 40%"
Nature & Resources,Waste & Circularity,Building,"Achieve a minimum of [X]% reclaimed or recycled material content by weight in any refurbishment or fitout project, and divert at least [Y]% of strip-out material from landfill",Adopt reuse and recycling practices in buildings and fitouts,"Applying reuse, salvage, refurbishment and recycling principles when designing, renovating or decommissioning buildings and fit-outs.","Restaurant, QSR, Pubs/Bars, Contract Caterers, Hotels, Brewries, Experiential Leisure",-,,,"% of fitout materials by weight sourced from reclaimed or recycled sources in qualifying projects, and % of materials removed during strip-out diverted from landfill through sale, donation, or recycling",Circularity in fitouts works in both directions — what you specify going in and what happens to old materials going out. Tracking only one misses half the impact,,
