Sno,Topic,Sub Topic,Initiative,Old Initiative,Sub-Sector included,Sub-Sector Excluded,Description,Why/Benefit,How to achieve this,KPI (Measurable Objective),Evidence/Case Study,Evidence Reference,Cost Saving/Cost ,Carbon Abatement Potential,Time to implement/ROI,Efficiency/Impact measure
1,Supply Chain,Transport and Distribution ,Establish corporate travel policies that prioritise lower carbon transport,Optimise company travel practices and policies ,all, -,"A formal, written policy that sets clear rules about how staff travels for business, defaulting to lower carbon options and reducing unnecessary travel altogether, rather than leaving travel mode as an individual, ad hoc choice.","Transport is one of the largest sources of greenhouse gas emissions, and the carbon impact of different travel modes can vary significantly. A formal travel policy helps employees consistently choose lower-carbon options, reducing business travel emissions without restricting business activity. By prioritising virtual meetings, reducing unnecessary trips, and favouring lower-emission transport modes, organisations can decouple business growth from travel-related emissions and extend sustainable travel practices across suppliers and partners.","Begin by analysing travel data to identify key emissions hotspots, then establish a clear travel hierarchy that prioritises virtual meetings, rail, public transport, and low-emission vehicles before air travel. Support the policy with practical booking processes, defined approval requirements for exceptions, and measurable travel-emissions KPIs. Regularly review performance and update the policy to reflect changing travel needs and transport options.",,"The Culture for Climate Scotland guide explains how organisations should build a sustainable travel policy. It notes transport is the UK's largest emitting sector at roughly 30% of total emissions, and recommends a travel hierarchy from most to least carbon intensive, cars, shared vehicles, public transport, cycling, walking, applied when choosing how to travel. Key recommendations include replacing internal and short-haul flights with rail, avoiding travel altogether where video calls suffice, offering incentives like paid ""journey days"" for longer sustainable trips, and presenting sustainable versus conventional travel budget options when working with external partners. It also covers staff commuting, cycle to work schemes, flexible working, supplier and delivery choices, and separately addresses audience travel, which it notes is usually an organisation's largest travel emissions source despite sitting outside direct control. The guide closes by pointing to real published policy examples, including WWF UK's and Energy Saving Trust's, as models to reference.","Guide to writing a sustainable travel policy - Culture for Climate Scotland

https://www.ros.gov.uk/about/publications/policy-and-guidelines/2024/green-travel-policy#two",Low cost for establishing the policy,Indirect through embedding policy in company day-to-day activities,"Short to medium, roughly 1 to 3 months for the policy itself, longer for full behaviour change.",
2,Supply Chain,Transport and Distribution ,Provide infrastructure and incentives for low-carbon guest travel,"Encourage and enable lower-emission guest travel (e.g. EV charge points, cycling and public transport)",all, -,"Providing the physical facilities and financial or practical incentives that make it easier for guests to travel to, from, and around a venue using lower carbon transport, rather than defaulting to private car or taxi use.","Guest travel is often one of the largest contributors to an organisation's overall carbon footprint, yet it is typically one of the hardest parts for a business to influence directly. Infrastructure and incentives are valuable precisely because they give businesses a genuine, controllable lever over this otherwise indirect source, EV charging points, shuttle services, and rewards for car-free travel all sit within the business's own decisions, rather than depending on guest behaviour alone. Beyond reducing emissions, these measures can enhance the guest experience, attract environmentally conscious customers, and create a competitive advantage that supports both sustainability and commercial objectives. EV charging in particular can generate direct revenue through session-based charging fees, alongside indirect revenue through increased bookings and occupancy from guests who specifically seek out charging access, turning the initiative into a commercial asset rather than a pure cost.","The approach should be tailored to the site type. Businesses with control over their premises can install EV charging, cycle storage, and public transport signage. Those in leased locations can work with landlords to improve facilities and promote existing transport links. Rural sites may benefit from car-sharing schemes and partnerships with local taxi or shuttle providers, while hotels can offer shared transfers to reduce individual journeys. Infrastructure should be supported by incentives, such as discounts for car-free arrivals or priority access to EV charging, to encourage uptake and maximise impact.",iam not sure about the KPI- this could be different for different business types and ," 1. Greene King partnered with Evyve and has powered the roll-out of over 450 charging points as part of their commitment to enhancing the pub experience for their visitors while promoting sustainability.

2. Marston’s has demonstrated leadership in sustainable transport infrastructure, installing 459 rapid and ultra-fast EV chargers across 193 sites since launching its first charger in 2018. The initiative has made Marston’s the UK hospitality sector’s largest provider of rapid and ultra-fast EV charging, supporting customers while reducing transport-related emissions.

3. Whitbread — up to 1,000 GeniePoint rapid chargers with ENGIE, 600 committed over three years, across Premier Inn, Beefeater, Brewers Fayre.

4. Explorer Hotels — Guests booking the ""Climate Rate"" get an automatic 10% discount, always priced below the standard ""Special Rate"", but only if they arrive by train or bicycle rather than car. Guests simply show a valid train ticket at check-in to qualify.","Greene King_EV_Charging

https://www.marstonspubs.co.uk/news/marstons-ev-charging-leadership/

https://www.whitbread.co.uk/its-electrifying-were-plugged-inn/

https://www.explorer-hotels.com/en/angebote/climate-rate/","Vineyard Group, a hospitality operator with venues across Hertfordshire and Bedfordshire, replaced free EV charging with a managed pay-as-you-go solution by installing four EV chargers (two 22kW and two 7kW units). The change transformed charging from a cost burden into a revenue-generating amenity, achieving payback in under six months and generating over £6,300 in annual revenue, while also enhancing the guest experience and supporting increased visitor spend and bookings.

https://www.voltshare.co.uk/case-studies","Forest Holidays, which operates 12 nature-based holiday locations across the UK in partnership with Forestry England, Forestry and Land Scotland, and Natural Resources Wales, deployed 24 EV chargers across 4 of its sites in response to growing guest demand for on-site charging. The rollout delivered over 1,800 charging sessions to 750+ unique users, supplying 49.49 MWh of energy, equivalent to roughly 143,000 EV miles driven, and saving an estimated 26,885 kg of CO2. 

https://www.savemoneycutcarbon.com/project/forest-holidays/

The case study is published by SaveMoneyCutCarbon, the installer behind the project, rather than independently audited, and the reporting period behind the figures isn't stated, so the numbers should be treated as directional rather than a precise annual rate.","Implementation is typically medium to long term, with timelines ranging from a few weeks for low-cost measures such as travel incentives and signage to nearby  public transport, to 2-6 months for EV charging and cycle storage installations, and 6-12+ months for projects requiring infrastructure upgrades, landlord approvals, or shuttle service deployment. Delivery timelines will vary depending on site ownership, available infrastructure, and electrical capacity.",
3,Supply Chain,Transport and Distribution ,"Support and encourage employees in choosing low-carbon commuting alternatives (e.g. cycle to work, public transport)","Encourage and enable lower-emission employee commuting (e.g. cycle to work, public transport)",all, -,,,,,"TfL's Smart Commuting Toolkit (2025) recommends reducing employee travel emissions through public transport, active travel, flexible working, and reduced car dependency. Suggested employee incentives include cycle-to-work schemes, bike-share memberships, season ticket loans, flexible/hybrid working, active travel rewards, workplace cycling facilities (showers, lockers, bike parking), travel champions, and car-sharing schemes.",https://content.tfl.gov.uk/smart-commuting-toolkit.pdf,"TfL's Smart Commuting Toolkit highlights cost savings through reduced parking demand, lower employee commuting costs (bike-share, cycle-to-work schemes, season ticket loans, off-peak travel), and indirect business benefits including improved productivity, fewer sick days, and better staff retention.","Heathrow Airport's Way2Go app incentivised sustainable commuting through rewards, vouchers and behaviour-change campaigns. By July 2025, the initiative recorded 150,069 sustainable commutes, saved 61,525 kg CO₂e, replaced 80% of solo car trips with sustainable journeys, and encouraged 70% of previously non-sustainable commuters to change travel behaviour.

https://content.tfl.gov.uk/modeshift-demonstrator-heathrow-airport-way2go.pdf","Short to medium, roughly 1 to 3 months for the policy itself, longer for full behaviour change.",
4,Supply Chain,Transport and Distribution ,"Transition company owned fleet vehicles to low-carbon alternatives at end of life 
","Switch company cars to low carbon alternatives (EV, fuel efficient) at EOL",all, -,,,(how description and then ---- enabling factor includes install EV charging infrastructure at depots and distribution hubs,,"This ERM article argues that fleet decarbonization should be approached as a business value opportunity rather than a purely sustainability initiative. Instead of pursuing full fleet electrification, organizations should adopt a targeted, phased strategy that combines EVs, alternative fuels, and fleet optimization based on vehicle type, geography, and operational requirements.
ERM presents three fleet decarbonization case studies:(1) US based HVAC company achieved 34% emissions intensity reduction and $2.2M annual savings through targeted EV adoption and leasing;(2) US based-Wholesale distributor achieved 13% emissions reduction using renewable diesel at 40% lower cost than full fleet electrification;(3) European waste services company is projected to deliver 50-70% emissions reductions by 2035 through a phased electrification strategy, with 17% of fleet emissions addressable immediately in a cost-effective manner.

",Fleet Decarbonization and Business Value Creation | ERM,"Traditional vehicle fleets are becoming more costly to operate due to volatile fuel costs and regulations, increasing the financial risk of delaying the transition. Meanwhile, electrification and digital technologies can reduce operating costs and create new revenue opportunities, improving long-term financial resilience.

https://www.hitachizerocarbon.com/news-insights/full-guide-to-fleet-decarbonization-how-it-can-help-your-fleet/","Greencore, one of the UK’s leading manufacturers of convenience foods, has taken a significant step toward a greener future by launching a new fleet of 15 vehicles powered by Hydrotreated Vegetable Oil (HVO), a renewable diesel alternative that reduces carbon emissions by up to 90%. HVO is fully compatible with existing diesel engines and infrastructure, making it an efficient and immediate solution for reducing greenhouse gas emissions in transport.

https://www.greencore.com/greencore-rolls-out-hvo-powered-fleet-to-drive-sustainability-forward/",,
5,Supply Chain,Transport and Distribution ,Reduce emissions from delivery and distribution by improving fleet efficiency before the journey,"Optimise routes for deliveries 
and 
Explore haulage aggregation opportunities",,,,,"1. Load & Route Planning: Right-size vehicles to actual load, and plan routes and loads together using route planning software or a logistics provider that sequences stops efficiently.
2. Shared Logistics: Explore haulage aggregation with other businesses, sharing truck space and routes so vehicles carry more, more often.
3. Vehicle Transition: Transition fleet to EVs or low-carbon fuel vehicles at natural end of service life, not early replacement, and install EV charging infrastructure at depots to support this.
4. Temperature controlled goods: Optimise cold chain and refrigerated transport, minimising stops and door-open time, consolidating loads, and prioritising electric or cryogenic refrigeration units over diesel.
5. Drive behaviour: Train drivers in smooth acceleration, reduced idling, and consistent route adherence.",,,,,,,
6,Supply Chain,Transport and Distribution ,Reduce emissions from delivery and distribution by improving fleet efficiency during and after the journey,Backhaul recycling waste,,,,,"1. Return Journey: Use the return journey for backhauling, carrying recycling, reusable packaging, or containers back to source rather than running empty.
2. Vehicle Monitoring: Install telematics and a digital asset management system to track fuel use, idling time, and vehicle condition in real time, and feed this data back into fleet decisions to catch maintenance issues early.
3. Delivery Timing: Schedule deliveries to avoid road congestion, ideally paired with route optimisation software.",,,,,,,
7,Supply Chain,Transport and Distribution ,Reduce emissions from delivery and distribution by engaging with suppliers,Choose local suppliers where possible,,,,,"1. Procurement Consolidation: Centralise procurement across sites through a single system or department, consolidating orders to reduce delivery frequency, and favour suppliers offering efficient local delivery.
2. Supplier Engagement: Strengthen supplier relationship management, using regular engagement to request consolidated deliveries, emissions data, or lower-carbon transport options directly.
3. Delivery Consolidation: Ask suppliers to consolidate your deliveries with other nearby customers on the same route, rather than sending a dedicated part-load.
4. Order Timing: Apply just-in-time delivery principles with caution, balanced against consolidation, since tightly-timed delivery can increase emissions by disrupting efficient routing.
5. Demand Forecasting: Use data analytics to forecast demand and track supplier performance, reducing both waste and emissions-heavy urgent orders.",,,,,,,
8,Supply Chain,Transport and Distribution ,Reduce emissions from customer delivery ,,,,,,"1. Own Delivery: Where you run your own delivery, prioritise e-bikes over cars or mopeds.
2. Third-Party Platform: Where third-party platforms are used, favour ones with active rider electrification programmes.
3. High-Volume Urban routes : In dense, high-volume urban areas, use e-cargo bikes specifically for short delivery routes, a lower emission alternative to car or moped for these journeys.",,,,,,,
9,Supply Chain,Transport and Distribution ,Install EV Charging Infrastructure at Depots and Distribution Hubs,,,,,,,,,,,,,
